Workbook
Name rCOPY: '8. 추정 BS'!$F$65:$K$65
Name rCOPY_RT: '11. 추정 BS'!$D$144:$K$144
Name rPASTE: '8. 추정 BS'!$F$8:$K$8
Name rPASTE_RT: '11. 추정 BS'!$D$18:$K$18

Sheet ▶ REPORT

Sheet 1. 요약재무제표
E1: 숨김
A2: ■ 요약 재무제표
Q3: (단위 : 백만원)
A4: 구 분 | E4: 2020년 | G4: 2021년 | I4: 2022년 | K4: 2023년 | M4: 2024년 | O4: 2025년 | Q4: 비 고 | T4: 구 분 | X4: 2016 | Z4: 2017 | AB4: 2018 | AD4: 2019 | AF4: 2020
F5: 증감률 | H5: 증감률 | J5: 증감률 | L5: 증감률 | N5: 증감률 | P5: 증감률 | X5: 금액 | Y5: 증감률 | Z5: 금액 | AA5: 증감률 | AB5: 금액 | AC5: 증감률 | AD5: 금액 | AE5: 증감률 | AF5: 금액 | AG5: 증감률 | AS5: 2021 | AU5: 2022 | AW5: 2023 | AY5: 2024 | BA5: 2025 | BE5: 공시
A6: 요약재무상태표 | B6: 자산총계 | E6: =SUM(E7:E8) -> 1561615.4 | G6: =SUM(G7:G8) -> 7678930.3 | H6: =IF(OR(E6<=0,G6<=0),0,G6/E6-1) -> 3.9172993 | I6: =SUM(I7:I8) -> 7951326.7 | J6: =IF(OR(G6<=0,I6<=0),0,I6/G6-1) -> 0.035473229 | K6: =SUM(K7:K8) -> 8218723.2 | L6: =IF(OR(I6<=0,K6<=0),0,K6/I6-1) -> 0.033629171 | M6: =SUM(M7:M8) -> 7155550.5 | N6: =IF(OR(K6<=0,M6<=0),0,M6/K6-1) -> -0.12935984 | O6: =SUM(O7:O8) -> 7121336.9 | P6: =IF(OR(M6<=0,O6<=0),0,O6/M6-1) -> -0.0047814114 | T6: 요약 | U6: 자산총계 | X6: 1355211 | Y6: 9.4 | Z6: 1424846 | AA6: 5.1 | AB6: 1384202 | AC6: -2.9 | AD6: 1426568 | AE6: 3.1 | AF6: 1561615 | AG6: 9.5 | AI6: =#REF!-X6 -> #REF! | AJ6: =#REF!-Z6 -> #REF! | AK6: =E6-AB6 -> 177413.4 | AL6: =G6-AD6 -> 6252362.3 | AM6: =I6-AF6 -> 6389711.7 | AN6: =(AF6-AD6)/AD6 -> 0.094665659 | AO6: =AN6*100 -> 9.4665659 | AP6: =AG6-AO6 -> 0.033434088 | AR6: 자산총계 | AS6: 7678930254664 | AT6: =G6*1000000-AS6 -> 0 | AU6: 7951326708929 | AV6: =I6*1000000-AU6 -> 0 | AW6: 8218723236460 | AX6: =K6*1000000-AW6 -> 0 | AY6: 7155550486165 | AZ6: =M6*1000000-AY6 -> 0 | BA6: ='SAP BS'!G13 -> 7121336855838 | BB6: =O6*1000000-BA6 -> 0 | BD6: 자 산 총 계 | BE6: 7121336855838 | BG6: =BA6-BE6 -> 0
C7: 유동자산 | E7: 740920.78 | G7: =AS7/1000000 -> 955684.4 | H7: =IF(OR(E7<=0,G7<=0),0,G7/E7-1) -> 0.28986043 | I7: =AU7/1000000 -> 1219864.9 | J7: =IF(OR(G7<=0,I7<=0),0,I7/G7-1) -> 0.27643067 | K7: =AW7/1000000 -> 1716841.6 | L7: =IF(OR(I7<=0,K7<=0),0,K7/I7-1) -> 0.40740308 | M7: =AY7/1000000 -> 1422091.6 | N7: =IF(OR(K7<=0,M7<=0),0,M7/K7-1) -> -0.17168156 | O7: =BA7/1000000 -> 1670299 | P7: =IF(OR(M7<=0,O7<=0),0,O7/M7-1) -> 0.17453688 | T7: 재무 | V7: 유동자산 | X7: 811777 | Y7: 14.9 | Z7: 733619 | AA7: -9.6 | AB7: 710950 | AC7: -3.1 | AD7: 642134 | AE7: -9.7 | AF7: 740921 | AG7: 15.4 | AI7: =#REF!-X7 -> #REF! | AJ7: =#REF!-Z7 -> #REF! | AK7: =E7-AB7 -> 29970.785 | AL7: =G7-AD7 -> 313550.4 | AM7: =I7-AF7 -> 478943.88 | AN7: =(AF7-AD7)/AD7 -> 0.15384172 | AO7: =AN7*100 -> 15.384172 | AP7: =AG7-AO7 -> 0.015827849 | AR7: 유동자산 | AS7: 955684403335 | AT7: =G7*1000000-AS7 -> 0 | AU7: 1219864882877 | AV7: =I7*1000000-AU7 -> 0 | AW7: 1716841596021 | AX7: =K7*1000000-AW7 -> 0 | AY7: 1422091558149 | AZ7: =M7*1000000-AY7 -> 0 | BA7: ='SAP BS'!G14 -> 1670298975069 | BB7: =O7*1000000-BA7 -> 0 | BD7: Ⅰ. 유동자산 | BE7: 1670298975069 | BG7: =BA7-BE7 -> 0
C8: 비유동자산 | E8: 820694.62 | G8: =AS8/1000000 -> 6723245.9 | H8: =IF(OR(E8<=0,G8<=0),0,G8/E8-1) -> 7.1921408 | I8: =AU8/1000000 -> 6731461.8 | J8: =IF(OR(G8<=0,I8<=0),0,I8/G8-1) -> 0.001222025 | K8: =AW8/1000000 -> 6501881.6 | L8: =IF(OR(I8<=0,K8<=0),0,K8/I8-1) -> -0.034105547 | M8: =AY8/1000000 -> 5733458.9 | N8: =IF(OR(K8<=0,M8<=0),0,M8/K8-1) -> -0.11818467 | O8: =BA8/1000000 -> 5451037.9 | P8: =IF(OR(M8<=0,O8<=0),0,O8/M8-1) -> -0.049258406 | T8: 상태표 | V8: 비유동자산 | X8: 543434 | Y8: 2 | Z8: 691227 | AA8: 27.2 | AB8: 673252 | AC8: -2.6 | AD8: 784435 | AE8: 16.5 | AF8: 820694 | AG8: 4.6 | AI8: =#REF!-X8 -> #REF! | AJ8: =#REF!-Z8 -> #REF! | AK8: =E8-AB8 -> 147442.62 | AL8: =G8-AD8 -> 5938810.9 | AM8: =I8-AF8 -> 5910767.8 | AN8: =(AF8-AD8)/AD8 -> 0.046223078 | AO8: =AN8*100 -> 4.6223078 | AP8: =AG8-AO8 -> -0.022307776 | AR8: 비유동자산 | AS8: 6723245851329 | AT8: =G8*1000000-AS8 -> 0 | AU8: 6731461826052 | AV8: =I8*1000000-AU8 -> 0 | AW8: 6501881640439 | AX8: =K8*1000000-AW8 -> 0 | AY8: 5733458928016 | AZ8: =M8*1000000-AY8 -> 0 | BA8: ='SAP BS'!G2698 -> 5451037880769 | BB8: =O8*1000000-BA8 -> 0 | BD8: Ⅱ. 비유동자산 | BE8: 5451037880769 | BG8: =BA8-BE8 -> 0
B9: 부채총계 | E9: =SUM(E10:E11) -> 312867.67 | G9: =SUM(G10:G11) -> 3567657.8 | H9: =IF(OR(E9<=0,G9<=0),0,G9/E9-1) -> 10.403089 | I9: =SUM(I10:I11) -> 3841536.7 | J9: =IF(OR(G9<=0,I9<=0),0,I9/G9-1) -> 0.076767145 | K9: =SUM(K10:K11) -> 4136190.6 | L9: =IF(OR(I9<=0,K9<=0),0,K9/I9-1) -> 0.076702094 | M9: =SUM(M10:M11) -> 3953186.4 | N9: =IF(OR(K9<=0,M9<=0),0,M9/K9-1) -> -0.044244607 | O9: =SUM(O10:O11) -> 3796297.1 | P9: =IF(OR(M9<=0,O9<=0),0,O9/M9-1) -> -0.039686795 | U9: 부채총계 | X9: 363639 | Y9: 18.7 | Z9: 341693 | AA9: -6 | AB9: 291047 | AC9: -14.8 | AD9: 281309 | AE9: -3.3 | AF9: 312868 | AG9: 11.2 | AI9: =#REF!-X9 -> #REF! | AJ9: =#REF!-Z9 -> #REF! | AK9: =E9-AB9 -> 21820.671 | AL9: =G9-AD9 -> 3286348.8 | AM9: =I9-AF9 -> 3528668.7 | AN9: =(AF9-AD9)/AD9 -> 0.11218624 | AO9: =AN9*100 -> 11.218624 | AP9: =AG9-AO9 -> -0.01862436 | AR9: 부채총계 | AS9: 3567657752579 | AT9: =G9*1000000-AS9 -> 0 | AU9: 3841536654146 | AV9: =I9*1000000-AU9 -> 0 | AW9: 4136190560653 | AX9: =K9*1000000-AW9 -> 0 | AY9: 3953186433697 | AZ9: =M9*1000000-AY9 -> 0 | BA9: ='SAP BS'!G2964 -> 3796297134919 | BB9: =O9*1000000-BA9 -> 0 | BD9: 부 채 총 계 | BE9: 3796297134919 | BG9: =BA9-BE9 -> 0
C10: 유동부채 | E10: 285467.9 | G10: =AS10/1000000 -> 1569402.2 | H10: =IF(OR(E10<=0,G10<=0),0,G10/E10-1) -> 4.4976484 | I10: =AU10/1000000 -> 1726933.3 | J10: =IF(OR(G10<=0,I10<=0),0,I10/G10-1) -> 0.10037656 | K10: =AW10/1000000 -> 2077671 | L10: =IF(OR(I10<=0,K10<=0),0,K10/I10-1) -> 0.20309855 | M10: =AY10/1000000 -> 1747795.2 | N10: =IF(OR(K10<=0,M10<=0),0,M10/K10-1) -> -0.1587719 | O10: =BA10/1000000 -> 1726694.9 | P10: =IF(OR(M10<=0,O10<=0),0,O10/M10-1) -> -0.012072558 | V10: 유동부채 | X10: 357757 | Y10: 20.1 | Z10: 336445 | AA10: -6 | AB10: 284163 | AC10: -15.5 | AD10: 267281 | AE10: -5.9 | AF10: 285467 | AG10: 6.8 | AI10: =#REF!-X10 -> #REF! | AJ10: =#REF!-Z10 -> #REF! | AK10: =E10-AB10 -> 1304.9044 | AL10: =G10-AD10 -> 1302121.2 | AM10: =I10-AF10 -> 1441466.3 | AN10: =(AF10-AD10)/AD10 -> 0.068040751 | AO10: =AN10*100 -> 6.8040751 | AP10: =AG10-AO10 -> -0.004075112 | AR10: 유동부채 | AS10: 1569402154384 | AT10: =G10*1000000-AS10 -> 0 | AU10: 1726933341656 | AV10: =I10*1000000-AU10 -> 0 | AW10: 2077670994040 | AX10: =K10*1000000-AW10 -> 0 | AY10: 1747795229660 | AZ10: =M10*1000000-AY10 -> 0 | BA10: ='SAP BS'!G2965 -> 1726694869549 | BB10: =O10*1000000-BA10 -> 0 | BD10: Ⅰ. 유동부채 | BE10: 1726694869549 | BG10: =BA10-BE10 -> 0
C11: 비유동부채 | E11: 27399.767 | G11: =AS11/1000000 -> 1998255.6 | H11: =IF(OR(E11<=0,G11<=0),0,G11/E11-1) -> 71.929658 | I11: =AU11/1000000 -> 2114603.3 | J11: =IF(OR(G11<=0,I11<=0),0,I11/G11-1) -> 0.058224641 | K11: =AW11/1000000 -> 2058519.6 | L11: =IF(OR(I11<=0,K11<=0),0,K11/I11-1) -> -0.026522112 | M11: =AY11/1000000 -> 2205391.2 | N11: =IF(OR(K11<=0,M11<=0),0,M11/K11-1) -> 0.071348186 | O11: =BA11/1000000 -> 2069602.3 | P11: =IF(OR(M11<=0,O11<=0),0,O11/M11-1) -> -0.061571361 | V11: 비유동부채 | X11: 5881 | Y11: -31.2 | Z11: 5248 | AA11: -10.8 | AB11: 6884 | AC11: 31.2 | AD11: 14028 | AE11: 103.8 | AF11: 27401 | AG11: 95.3 | AI11: =#REF!-X11 -> #REF! | AJ11: =#REF!-Z11 -> #REF! | AK11: =E11-AB11 -> 20515.767 | AL11: =G11-AD11 -> 1984227.6 | AM11: =I11-AF11 -> 2087202.3 | AN11: =(AF11-AD11)/AD11 -> 0.95330767 | AO11: =AN11*100 -> 95.330767 | AP11: =AG11-AO11 -> -0.030767037 | AR11: 비유동부채 | AS11: 1998255598195 | AT11: =G11*1000000-AS11 -> 0 | AU11: 2114603312490 | AV11: =I11*1000000-AU11 -> 0 | AW11: 2058519566613 | AX11: =K11*1000000-AW11 -> 0 | AY11: 2205391204037 | AZ11: =M11*1000000-AY11 -> 0 | BA11: ='SAP BS'!G3169 -> 2069602265370 | BB11: =O11*1000000-BA11 -> 0 | BD11: Ⅱ. 비유동부채 | BE11: 2069602265370 | BG11: =BA11-BE11 -> 0
B12: 자본총계 | E12: =SUM(E13:E17) -> 1248747.7 | G12: =SUM(G13:G17) -> 4111272.5 | H12: =IF(OR(E12<=0,G12<=0),0,G12/E12-1) -> 2.2923163 | I12: =SUM(I13:I17) -> 4109790.1 | J12: =IF(OR(G12<=0,I12<=0),0,I12/G12-1) -> -0.00036058113 | K12: =SUM(K13:K17) -> 4082532.7 | L12: =IF(OR(I12<=0,K12<=0),0,K12/I12-1) -> -0.0066323045 | M12: =SUM(M13:M17) -> 3202364.1 | N12: =IF(OR(K12<=0,M12<=0),0,M12/K12-1) -> -0.21559377 | O12: =SUM(O13:O17) -> 3325039.7 | P12: =IF(OR(M12<=0,O12<=0),0,O12/M12-1) -> 0.038307846 | U12: 자본총계 | X12: 991573 | Y12: 6.3 | Z12: 1083153 | AA12: 9.2 | AB12: 1093155 | AC12: 0.9 | AD12: 1145259 | AE12: 4.8 | AF12: 1248747 | AG12: 9 | AI12: =#REF!-X12 -> #REF! | AJ12: =#REF!-Z12 -> #REF! | AK12: =E12-AB12 -> 155592.73 | AL12: =G12-AD12 -> 2966013.5 | AM12: =I12-AF12 -> 2861043.1 | AN12: =(AF12-AD12)/AD12 -> 0.090362093 | AO12: =AN12*100 -> 9.0362093 | AP12: =AG12-AO12 -> -0.036209277 | AR12: 자본총계 | AS12: 4111272502085 | AT12: =G12*1000000-AS12 -> 0 | AU12: 4109790054783 | AV12: =I12*1000000-AU12 -> 0 | AW12: 4082532675807 | AX12: =K12*1000000-AW12 -> 0 | AY12: 3202364052468 | AZ12: =M12*1000000-AY12 -> 0 | BA12: ='SAP BS'!G3237 -> 3325039720919 | BB12: =O12*1000000-BA12 -> 0 | BD12: 자 본 총 계 | BE12: 3325039720919 | BG12: =BA12-BE12 -> 0
C13: 자본금 | E13: 32812.5 | G13: =AS13/1000000 -> 104717.92 | H13: =IF(OR(E13<=0,G13<=0),0,G13/E13-1) -> 2.1914033 | I13: =AU13/1000000 -> 104717.92 | J13: =IF(OR(G13<=0,I13<=0),0,I13/G13-1) -> 0 | K13: =AW13/1000000 -> 104717.92 | L13: =IF(OR(I13<=0,K13<=0),0,K13/I13-1) -> 0 | M13: =AY13/1000000 -> 83607.415 | N13: =IF(OR(K13<=0,M13<=0),0,M13/K13-1) -> -0.20159402 | O13: =BA13/1000000 -> 83607.415 | P13: =IF(OR(M13<=0,O13<=0),0,O13/M13-1) -> 0 | V13: 자본금 | X13: 32813 | Y13: 0 | Z13: 32813 | AA13: 0 | AB13: 32813 | AC13: 0 | AD13: 32813 | AE13: 0 | AF13: 32813 | AG13: 0 | AI13: =#REF!-X13 -> #REF! | AJ13: =#REF!-Z13 -> #REF! | AK13: =E13-AB13 -> -0.5 | AL13: =G13-AD13 -> 71904.922 | AM13: =I13-AF13 -> 71904.922 | AN13: =(AF13-AD13)/AD13 -> 0 | AO13: =AN13*100 -> 0 | AP13: =AG13-AO13 -> 0 | AR13: 자본금 | AS13: 104717922000 | AT13: =G13*1000000-AS13 -> 0 | AU13: 104717922000 | AV13: =I13*1000000-AU13 -> 0 | AW13: 104717922000 | AX13: =K13*1000000-AW13 -> 0 | AY13: 83607415000 | AZ13: =M13*1000000-AY13 -> 0 | BA13: ='SAP BS'!G3238 -> 83607415000 | BB13: =O13*1000000-BA13 -> 0 | BD13: 1. 자본금 | BE13: 83607415000 | BG13: =BA13-BE13 -> 0
C14: 자본잉여금 | E14: 110531.91 | G14: =AS14/1000000 -> 1195692.5 | H14: =IF(OR(E14<=0,G14<=0),0,G14/E14-1) -> 9.8176226 | I14: =AU14/1000000 -> 1195692.5 | J14: =IF(OR(G14<=0,I14<=0),0,I14/G14-1) -> 0 | K14: =AW14/1000000 -> 1195692.5 | L14: =IF(OR(I14<=0,K14<=0),0,K14/I14-1) -> 0 | M14: =AY14/1000000 -> 966458.25 | N14: =IF(OR(K14<=0,M14<=0),0,M14/K14-1) -> -0.1917167 | O14: =BA14/1000000 -> 966458.25 | P14: =IF(OR(M14<=0,O14<=0),0,O14/M14-1) -> 0 | V14: 자본잉여금 | X14: 79915 | Y14: 0 | Z14: 110532 | AA14: 38.3 | AB14: 110532 | AC14: 0 | AD14: 110532 | AE14: 0 | AF14: 110531 | AG14: 0 | AI14: =#REF!-X14 -> #REF! | AJ14: =#REF!-Z14 -> #REF! | AK14: =E14-AB14 -> -0.092148 | AL14: =G14-AD14 -> 1085160.5 | AM14: =I14-AF14 -> 1085161.5 | AN14: =(AF14-AD14)/AD14 -> -9.0471538e-06 | AO14: =AN14*100 -> -0.00090471538 | AP14: =AG14-AO14 -> 0.00090471538 | AR14: 자본잉여금 | AS14: 1195692464341 | AT14: =G14*1000000-AS14 -> 0 | AU14: 1195692464341 | AV14: =I14*1000000-AU14 -> 0 | AW14: 1195692464341 | AX14: =K14*1000000-AW14 -> 0 | AY14: 966458250863 | AZ14: =M14*1000000-AY14 -> 0 | BA14: ='SAP BS'!G3247 -> 966458250863 | BB14: =O14*1000000-BA14 -> 0 | BD14: 2. 자본잉여금 | BE14: 966458250863 | BG14: =BA14-BE14 -> 0
C15: 기타포괄손익누계액 | E15: 14954.212 | G15: =AS15/1000000 -> 15250.511 | H15: =IF(OR(E15<=0,G15<=0),0,G15/E15-1) -> 0.019813762 | I15: =AU15/1000000 -> 44541.119 | J15: =IF(OR(G15<=0,I15<=0),0,I15/G15-1) -> 1.9206312 | K15: =AW15/1000000 -> 61372.766 | L15: =IF(OR(I15<=0,K15<=0),0,K15/I15-1) -> 0.37789008 | M15: =AY15/1000000 -> 86173.492 | N15: =IF(OR(K15<=0,M15<=0),0,M15/K15-1) -> 0.40409985 | O15: =BA15/1000000 -> 125770.59 | P15: =IF(OR(M15<=0,O15<=0),0,O15/M15-1) -> 0.45950438 | V15: 기타포괄손익누계액 | X15: 21496 | Y15: 29.1 | Z15: 18404 | AA15: -14.4 | AB15: 195 | AC15: -98.9 | AD15: 66 | AE15: -66.3 | AF15: 14954 | AG15: 22631.5 | AI15: =#REF!-X15 -> #REF! | AJ15: =#REF!-Z15 -> #REF! | AK15: =E15-AB15 -> 14759.212 | AL15: =G15-AD15 -> 15184.511 | AM15: =I15-AF15 -> 29587.119 | AN15: =(AF15-AD15)/AD15 -> 225.57576 | AO15: =AN15*100 -> 22557.576 | AP15: =AG15-AO15 -> 73.924242 | AR15: 기타포괄손익누계액 | AS15: 15250511104 | AT15: =G15*1000000-AS15 -> 0 | AU15: 44541119291 | AV15: =I15*1000000-AU15 -> 0 | AW15: 61372766389 | AX15: =K15*1000000-AW15 -> 0 | AY15: 86173492346 | AZ15: =M15*1000000-AY15 -> 0 | BA15: ='SAP BS'!G3272 -> 125770589507 | BB15: =O15*1000000-BA15 -> 0 | BD15: 4. 기타포괄손익누계액 | BE15: 125770589507 | BG15: =BA15-BE15 -> 0
C16: 이익잉여금 | E16: 1199178.8 | G16: =AS16/1000000 -> 2893795.2 | H16: =IF(OR(E16<=0,G16<=0),0,G16/E16-1) -> 1.4131474 | I16: =AU16/1000000 -> 2863022.2 | J16: =IF(OR(G16<=0,I16<=0),0,I16/G16-1) -> -0.010634151 | K16: =AW16/1000000 -> 2788933.1 | L16: =IF(OR(I16<=0,K16<=0),0,K16/I16-1) -> -0.025877909 | M16: =AY16/1000000 -> 2667658.8 | N16: =IF(OR(K16<=0,M16<=0),0,M16/K16-1) -> -0.043484117 | O16: =BA16/1000000 -> 2750737.4 | P16: =IF(OR(M16<=0,O16<=0),0,O16/M16-1) -> 0.031142877 | V16: 이익잉여금 | X16: 912971 | Y16: 8.7 | Z16: 967275 | AA16: 5.9 | AB16: 1046486 | AC16: 8.2 | AD16: 1109958 | AE16: 6.1 | AF16: 1199179 | AG16: 8 | AI16: =#REF!-X16 -> #REF! | AJ16: =#REF!-Z16 -> #REF! | AK16: =E16-AB16 -> 152692.81 | AL16: =G16-AD16 -> 1783837.2 | AM16: =I16-AF16 -> 1663843.2 | AN16: =(AF16-AD16)/AD16 -> 0.080382321 | AO16: =AN16*100 -> 8.0382321 | AP16: =AG16-AO16 -> -0.038232077 | AR16: 이익잉여금(결손금) | AS16: 2893795221644 | AT16: =G16*1000000-AS16 -> 0 | AU16: 2863022166155 | AV16: =I16*1000000-AU16 -> 0 | AW16: 2788933138348 | AX16: =K16*1000000-AW16 -> 0 | AY16: 2667658844231 | AZ16: =M16*1000000-AY16 -> 0 | BA16: ='SAP BS'!G3291 -> 2750737415521 | BB16: =O16*1000000-BA16 -> 0 | BD16: 5. 이익잉여금 | BE16: 2750737415521 | BG16: =BA16-BE16 -> 0
C17: 기타자본항목 | E17: -108729.69 | G17: =AS17/1000000 -> -98183.617 | H17: =(G17-E17)/E17 -> -0.096993525 | I17: =AU17/1000000 -> -98183.617 | J17: =(I17-G17)/G17 -> 0 | K17: =AW17/1000000 -> -68183.615 | L17: =(K17-I17)/I17 -> -0.30554998 | M17: =AY17/1000000 -> -601533.95 | N17: =(M17-K17)/K17 -> 7.8222654 | O17: =BA17/1000000 -> -601533.95 | P17: =(O17-M17)/M17 -> 0 | Q17: `23년 자기주식 처분, `24년 파르나스호텔 분할 | V17: 자본조정 | X17: -55622 | Y17: 51 | Z17: -45871 | AA17: -17.5 | AB17: -96870 | AC17: 111.2 | AD17: -108109 | AE17: 11.6 | AF17: -108730 | AG17: 0.6 | AI17: =#REF!-X17 -> #REF! | AJ17: =#REF!-Z17 -> #REF! | AK17: =E17-AB17 -> -11859.693 | AL17: =G17-AD17 -> 9925.383 | AM17: =I17-AF17 -> 10546.383 | AN17: =(AF17-AD17)/AD17 -> 0.0057442026 | AO17: =AN17*100 -> 0.57442026 | AP17: =AG17-AO17 -> 0.025579739 | AR17: 기타자본구성요소 | AS17: -98183617004 | AT17: =G17*1000000-AS17 -> 0 | AU17: -98183617004 | AV17: =I17*1000000-AU17 -> 0 | AW17: -68183615271 | AX17: =K17*1000000-AW17 -> 0 | AY17: -601533949972 | AZ17: =M17*1000000-AY17 -> 0 | BA17: ='SAP BS'!G3258 -> -601533949972 | BB17: =O17*1000000-BA17 -> 0 | BD17: 3. 기타자본항목 | BE17: -601533949972 | BG17: =BA17-BE17 -> 0
A18: 요약손익계산서 | B18: 매출액 | E18: 1206716.4 | G18: =AS18/1000000 -> 9118512.6 | H18: =IF(OR(E18<=0,G18<=0),0,G18/E18-1) -> 6.5564668 | I18: =AU18/1000000 -> 10409711 | J18: =IF(OR(G18<=0,I18<=0),0,I18/G18-1) -> 0.14160189 | K18: =AW18/1000000 -> 10886895 | L18: =IF(OR(I18<=0,K18<=0),0,K18/I18-1) -> 0.04584022 | M18: =AY18/1000000 -> 11378032 | N18: =IF(OR(K18<=0,M18<=0),0,M18/K18-1) -> 0.045112713 | O18: =BA18/1000000 -> 11774644 | P18: =IF(OR(M18<=0,O18<=0),0,O18/M18-1) -> 0.034857683 | T18: 요약 | U18: 매출액 | X18: 1065156 | Y18: -2.4 | Z18: 1051658 | AA18: -1.3 | AB18: 1073514 | AC18: 2.1 | AD18: 1194600 | AE18: 11.3 | AF18: 1206717 | AG18: 1 | AI18: =#REF!-X18 -> #REF! | AJ18: =#REF!-Z18 -> #REF! | AK18: =E18-AB18 -> 133202.43 | AL18: =G18-AD18 -> 7923912.6 | AM18: =I18-AF18 -> 9202994.2 | AN18: =(AF18-AD18)/AD18 -> 0.010143144 | AO18: =AN18*100 -> 1.0143144 | AP18: =AG18-AO18 -> -0.014314415 | AR18: 매출액 | AS18: 9118512626842 | AU18: 10409711225602 | AW18: 10886894680059 | AY18: 11378032037656 | BA18: ='12. 추정 IS'!AZ19*1000 -> 11774643877003 | BB18: =O18*1000000-BA18 -> 0 | BE18: 11774643877003 | BG18: =BA18-BE18 -> 0
C19: [1] 홈쇼핑부문 | E19: =SUM(E20:E22) -> 1206716.4 | G19: =SUM(G20:G22) -> 1227065 | H19: =IF(OR(E19<=0,G19<=0),0,G19/E19-1) -> 0.016862763 | I19: =SUM(I20:I22) -> 1239315 | J19: =IF(OR(G19<=0,I19<=0),0,I19/G19-1) -> 0.0099831712 | K19: =SUM(K20:K22) -> 1131065.4 | L19: =IF(OR(I19<=0,K19<=0),0,K19/I19-1) -> -0.087346322 | M19: =SUM(M20:M22) -> 1052079.3 | N19: =IF(OR(K19<=0,M19<=0),0,M19/K19-1) -> -0.069833318 | O19: =SUM(O20:O22) -> 1049110.2 | P19: =IF(OR(M19<=0,O19<=0),0,O19/M19-1) -> -0.0028221786
C20: (방송사업매출액) | E20: 368468 | G20: ='9. 추정 IS'!F37+'9. 추정 IS'!F38 -> 370055 | H20: =(G20-E20)/E20 -> 0.0043070226 | I20: ='9. 추정 IS'!G37+'9. 추정 IS'!G38 -> 367350 | J20: =(I20-G20)/G20 -> -0.0073097242 | K20: ='9. 추정 IS'!H37+'9. 추정 IS'!H38 -> 346760.93 | L20: =(K20-I20)/I20 -> -0.056047564 | M20: ='9. 추정 IS'!I37+'9. 추정 IS'!I38 -> 311281.54 | N20: =(M20-K20)/K20 -> -0.10231656 | O20: ='9. 추정 IS'!J37+'9. 추정 IS'!J38 -> 333966.8 | P20: =IF(OR(M20<=0,O20<=0),0,O20/M20-1) -> 0.072876976 | Q20: 데이터홈쇼핑 및 TV홈쇼핑 수수료매출, 광고매출 | T20: 손익 | V20: 방송사업매출액 | X20: 576892 | Y20: -4.7 | Z20: 581503 | AA20: 0.8 | AB20: 494945 | AC20: -14.9 | AD20: 378770 | AE20: -23.5 | AF20: 368468 | AG20: -2.7 | AI20: =#REF!-X20 -> #REF! | AJ20: =#REF!-Z20 -> #REF! | AK20: =E20-AB20 -> -126477 | AL20: =G20-AD20 -> -8715 | AM20: =I20-AF20 -> -1118 | AN20: =(AF20-AD20)/AD20 -> -0.027198564 | AO20: =AN20*100 -> -2.7198564 | AP20: =AG20-AO20 -> 0.019856377
C21: (방송상품매출액) | E21: 105296 | G21: ='9. 추정 IS'!F31+'9. 추정 IS'!F32 -> 97040 | H21: =(G21-E21)/E21 -> -0.078407537 | I21: ='9. 추정 IS'!G31+'9. 추정 IS'!G32 -> 106344 | J21: =(I21-G21)/G21 -> 0.095877988 | K21: ='9. 추정 IS'!H31+'9. 추정 IS'!H32 -> 89694.981 | L21: =(K21-I21)/I21 -> -0.15655814 | M21: ='9. 추정 IS'!I31+'9. 추정 IS'!I32 -> 76110.235 | N21: =(M21-K21)/K21 -> -0.15145492 | O21: ='9. 추정 IS'!J31+'9. 추정 IS'!J32 -> 84255.337 | P21: =IF(OR(M21<=0,O21<=0),0,O21/M21-1) -> 0.10701718 | Q21: 데이터홈쇼핑 및 TV홈쇼핑 상품매출(직매입) | T21: 계산서 | V21: 방송상품매출액 | X21: 72039 | Y21: 12.4 | Z21: 49666 | AA21: -31.1 | AB21: 69393 | AC21: 39.7 | AD21: 143640 | AE21: 107 | AF21: 105296 | AG21: -26.7 | AI21: =#REF!-X21 -> #REF! | AJ21: =#REF!-Z21 -> #REF! | AK21: =E21-AB21 -> 35903 | AL21: =G21-AD21 -> -46600 | AM21: =I21-AF21 -> 1048 | AN21: =(AF21-AD21)/AD21 -> -0.26694514 | AO21: =AN21*100 -> -26.694514 | AP21: =AG21-AO21 -> -0.0054859371
C22: (기타사업매출액) | E22: =SUM(E23:E25) -> 732952.43 | G22: =SUM(G23:G25) -> 759970 | H22: =IF(OR(E22<=0,G22<=0),0,G22/E22-1) -> 0.036861292 | I22: =SUM(I23:I25) -> 765621 | J22: =IF(OR(G22<=0,I22<=0),0,I22/G22-1) -> 0.0074358198 | K22: =SUM(K23:K25) -> 694609.48 | L22: =IF(OR(I22<=0,K22<=0),0,K22/I22-1) -> -0.092750219 | M22: =SUM(M23:M25) -> 664687.57 | N22: =IF(OR(K22<=0,M22<=0),0,M22/K22-1) -> -0.043077326 | O22: =SUM(O23:O25) -> 630888.05 | P22: =IF(OR(M22<=0,O22<=0),0,O22/M22-1) -> -0.050850231 | V22: 기타사업매출액 | X22: 416225 | Y22: -1.3 | Z22: 420489 | AA22: 1 | AB22: 509176 | AC22: 21.1 | AD22: 672190 | AE22: 32 | AF22: 732953 | AG22: 9 | AI22: =#REF!-X22 -> #REF! | AJ22: =#REF!-Z22 -> #REF! | AK22: =E22-AB22 -> 223776.43 | AL22: =G22-AD22 -> 87780 | AM22: =I22-AF22 -> 32668 | AN22: =(AF22-AD22)/AD22 -> 0.090395573 | AO22: =AN22*100 -> 9.0395573 | AP22: =AG22-AO22 -> -0.039557268
D23: [카탈로그매출액] | E23: 0 | G23: ='9. 추정 IS'!F28 -> 0 | H23: 0 | I23: ='9. 추정 IS'!G28 -> 0 | J23: 0 | K23: ='9. 추정 IS'!H28 -> 0 | L23: 0 | M23: ='9. 추정 IS'!I28 -> 0 | N23: 0 | O23: ='9. 추정 IS'!J28 -> 0 | P23: =IF(OR(M23<=0,O23<=0),0,O23/M23-1) -> 0 | W23: 카탈로그매출액 | X23: 27288 | Y23: -22.1 | Z23: 22721 | AA23: -16.7 | AB23: 20728 | AC23: -8.8 | AD23: 9057 | AE23: -56.3 | AF23: 0 | AG23: -100 | AI23: =#REF!-X23 -> #REF! | AJ23: =#REF!-Z23 -> #REF! | AK23: =E23-AB23 -> -20728 | AL23: =G23-AD23 -> -9057 | AM23: =I23-AF23 -> 0 | AN23: =(AF23-AD23)/AD23 -> -1 | AO23: =AN23*100 -> -100 | AP23: =AG23-AO23 -> 0 | BD23: (단위 : 원) | BE23: 2021 | BG23: 2022 | BI23: 2023
D24: [모바일인터넷매출액] | E24: =688859-0.573183000087738 -> 688858.43 | G24: ='9. 추정 IS'!F27 -> 723367 | H24: =(G24-E24)/E24 -> 0.050095305 | I24: ='9. 추정 IS'!G27 -> 732689 | J24: =(I24-G24)/G24 -> 0.012886958 | K24: ='9. 추정 IS'!H27 -> 675496.46 | L24: =(K24-I24)/I24 -> -0.078058419 | M24: ='9. 추정 IS'!I27 -> 648115.45 | N24: =(M24-K24)/K24 -> -0.040534633 | O24: ='9. 추정 IS'!J27 -> 611356.65 | P24: =IF(OR(M24<=0,O24<=0),0,O24/M24-1) -> -0.056716451 | W24: 모바일인터넷매출액 | X24: 350992 | Y24: 3.6 | Z24: 363072 | AA24: 3.4 | AB24: 451059 | AC24: 24.2 | AD24: 619019 | AE24: 37.2 | AF24: 688859 | AG24: 11.3 | AI24: =#REF!-X24 -> #REF! | AJ24: =#REF!-Z24 -> #REF! | AK24: =E24-AB24 -> 237799.43 | AL24: =G24-AD24 -> 104348 | AM24: =I24-AF24 -> 43830 | AN24: =(AF24-AD24)/AD24 -> 0.11282368 | AO24: =AN24*100 -> 11.282368 | AP24: =AG24-AO24 -> 0.017632254 | BE24: 제 52 기 | BG24: 제 53 기 | BI24: 제 54 기
D25: [기타매출액] | E25: 44094 | G25: ='9. 추정 IS'!F29 -> 36603 | H25: =(G25-E25)/E25 -> -0.16988706 | I25: ='9. 추정 IS'!G29 -> 32932 | J25: =(I25-G25)/G25 -> -0.10029233 | K25: ='9. 추정 IS'!H29 -> 19113.03 | L25: =(K25-I25)/I25 -> -0.41962136 | M25: ='9. 추정 IS'!I29 -> 16572.112 | N25: =(M25-K25)/K25 -> -0.13294167 | O25: ='9. 추정 IS'!J29 -> 19531.404 | P25: =IF(OR(M25<=0,O25<=0),0,O25/M25-1) -> 0.17857062 | W25: 기타매출액 | X25: 37945 | Y25: -21 | Z25: 34696 | AA25: -8.6 | AB25: 37389 | AC25: 7.8 | AD25: 44113 | AE25: 18 | AF25: 44093 | AG25: 0 | AI25: =#REF!-X25 -> #REF! | AJ25: =#REF!-Z25 -> #REF! | AK25: =E25-AB25 -> 6705 | AL25: =G25-AD25 -> -7510 | AM25: =I25-AF25 -> -11161 | AN25: =(AF25-AD25)/AD25 -> -0.00045338109 | AO25: =AN25*100 -> -0.045338109 | AP25: =AG25-AO25 -> 0.045338109 | BD25: 매출액 | BE25: 9118512626842 | BG25: 10409711225602 | BI25: 10886894680059 | BK25: =BE25-AS18 -> 0 | BM25: =BG25-AU18 -> 0 | BO25: =BI25-AW18 -> 0
C26: [2] 리테일부문 | E26: =E18-E19 -> 0 | G26: =G18-G19 -> 7891447.6 | H26: =IF(OR(E26<=0,G26<=0),0,G26/E26-1) -> 0 | I26: =I18-I19 -> 9170396.2 | J26: =IF(OR(G26<=0,I26<=0),0,I26/G26-1) -> 0.16206768 | K26: =K18-K19 -> 9755829.3 | L26: =IF(OR(I26<=0,K26<=0),0,K26/I26-1) -> 0.063839451 | M26: =M18-M19 -> 10325953 | N26: =IF(OR(K26<=0,M26<=0),0,M26/K26-1) -> 0.058439256 | O26: =O18-O19 -> 10725534 | P26: =IF(OR(M26<=0,O26<=0),0,O26/M26-1) -> 0.038696768
B27: 매출원가 | E27: =E28 -> 323447.55 | G27: =-AS27/1000000 -> 6983785.4 | H27: =(G27-E27)/E27 -> 20.591709 | I27: =-AU27/1000000 -> 7684960.9 | J27: =(I27-G27)/G27 -> 0.10040049 | K27: =-AW27/1000000 -> 8092649.9 | L27: =(K27-I27)/I27 -> 0.053050237 | M27: =-AY27/1000000 -> 8539950.4 | N27: =(M27-K27)/K27 -> 0.055272443 | O27: =-BA27/1000000 -> 8902467.3 | P27: =(O27-M27)/M27 -> 0.042449535 | U27: 매출원가 | X27: 94279 | Y27: -15.2 | Z27: 69105 | AA27: -26.7 | AB27: 253228 | AC27: 266.4 | AD27: 371296 | AE27: 46.6 | AF27: 200911 | AG27: -45.9 | AI27: =#REF!-X27 -> #REF! | AJ27: =#REF!-Z27 -> #REF! | AK27: =E27-AB27 -> 70219.547 | AL27: =G27-AD27 -> 6612489.4 | AM27: =I27-AF27 -> 7484049.9 | AN27: =(AF27-AD27)/AD27 -> -0.45889264 | AO27: =AN27*100 -> -45.889264 | AP27: =AG27-AO27 -> -0.010736447 | AR27: 매출원가 | AS27: -6983785409167 | AU27: -7684960869850 | AW27: -8092649867644 | AY27: -8539950394843 | BA27: =-'12. 추정 IS'!AZ30*1000 -> -8902467317440 | BB27: =O27*1000000+BA27 -> 0 | BD27: 매출원가 | BE27: -6983785409167 | BG27: -7684960869850 | BI27: -8092649867644 | BK27: =BE27-AS27 -> 0 | BM27: =BG27-AU27 -> 0 | BO27: =BI27-AW27 -> 0
C28: [1] 홈쇼핑부문 | E28: 323447.55 | G28: ='9. 추정 IS'!F43 -> 192258 | H28: =(G28-E28)/E28 -> -0.40559759 | I28: ='9. 추정 IS'!G43 -> 187896 | J28: =(I28-G28)/G28 -> -0.022688263 | K28: ='9. 추정 IS'!H43 -> 149269 | L28: =(K28-I28)/I28 -> -0.20557649 | M28: ='9. 추정 IS'!I43 -> 119598 | N28: =(M28-K28)/K28 -> -0.19877537 | O28: ='9. 추정 IS'!J43 -> 139480.35 | P28: =(O28-M28)/M28 -> 0.16624314 | U28: 매출총이익 | X28: 970877 | Y28: -1 | Z28: 982553 | AA28: 1.2 | AB28: 820286 | AC28: -16.5 | AD28: 823304 | AE28: 0.4 | AF28: 1005806 | AG28: 22.2 | AI28: =#REF!-X28 -> #REF! | AJ28: =#REF!-Z28 -> #REF! | AK28: =E28-AB28 -> -496838.45 | AL28: =G28-AD28 -> -631046 | AM28: =I28-AF28 -> -817910 | AN28: =(AF28-AD28)/AD28 -> 0.22167025 | AO28: =AN28*100 -> 22.167025 | AP28: =AG28-AO28 -> 0.032975426
C29: [2] 리테일부문 | E29: =E27-E28 -> 0 | G29: =G27-G28 -> 6791527.4 | H29: =IF(OR(E29<=0,G29<=0),0,G29/E29-1) -> 0 | I29: =I27-I28 -> 7497064.9 | J29: =IF(OR(G29<=0,I29<=0),0,I29/G29-1) -> 0.10388495 | K29: =K27-K28 -> 7943380.9 | L29: =IF(OR(I29<=0,K29<=0),0,K29/I29-1) -> 0.059532098 | M29: =M27-M28 -> 8420352.4 | N29: =IF(OR(K29<=0,M29<=0),0,M29/K29-1) -> 0.060046413 | O29: =O27-O28 -> 8762987 | P29: =IF(OR(M29<=0,O29<=0),0,O29/M29-1) -> 0.040691239
B30: 매출총이익 | E30: =E18-E27 -> 883268.88 | G30: =G18-G27 -> 2134727.2 | H30: =IF(OR(E30<=0,G30<=0),0,G30/E30-1) -> 1.4168487 | I30: =I18-I27 -> 2724750.4 | J30: =IF(OR(G30<=0,I30<=0),0,I30/G30-1) -> 0.27639276 | K30: =K18-K27 -> 2794244.8 | L30: =IF(OR(I30<=0,K30<=0),0,K30/I30-1) -> 0.025504889 | M30: =M18-M27 -> 2838081.6 | N30: =IF(OR(K30<=0,M30<=0),0,M30/K30-1) -> 0.015688257 | O30: =O18-O27 -> 2872176.6 | P30: =IF(OR(M30<=0,O30<=0),0,O30/M30-1) -> 0.012013367 | AR30: 매출총이익 | AS30: 2134727217675 | AT30: =AS30-G30*1000000 -> 0 | AU30: 2724750355752 | AV30: =AU30-I30*1000000 -> 0 | AW30: 2794244812415 | AX30: =AW30-K30*1000000 -> 0 | AY30: 2838081642813 | AZ30: =AY30-M30*1000000 -> 0 | BA30: ='12. 추정 IS'!AZ40*1000 -> 2.8721766e+12 | BB30: =BA30-O30*1000000 -> 0 | BD30: 매출총이익 | BE30: 2134727217675 | BG30: 2724750355752 | BI30: 2794244812415 | BK30: =BE30-AS30 -> 0 | BM30: =BG30-AU30 -> 0 | BO30: =BI30-AW30 -> 0
B31: 판매비와관리비 | E31: =E32 -> 725384.46 | G31: =-AS31/1000000 -> 1829758.9 | H31: =(G31-E31)/E31 -> 1.5224677 | I31: =-AU31/1000000 -> 2357696.6 | J31: =(I31-G31)/G31 -> 0.28852855 | K31: =-AW31/1000000 -> 2479262.8 | L31: =(K31-I31)/I31 -> 0.051561444 | M31: =-AY31/1000000 -> 2585445.8 | N31: =(M31-K31)/K31 -> 0.042828437 | O31: =-BA31/1000000 -> 2582279.8 | P31: =IF(OR(M31<=0,O31<=0),0,O31/M31-1) -> -0.0012245147 | Q31: 매출채권및기타채권 손상차손(환입) 금액 포함 합산표시 | U31: 판매비와관리비 | X31: 842246 | Y31: -2.9 | Z31: 838063 | AA31: -0.5 | AB31: 682949 | AC31: -18.5 | AD31: 703254 | AE31: 3 | AF31: 847921 | AG31: 20.6 | AI31: =#REF!-X31 -> #REF! | AJ31: =#REF!-Z31 -> #REF! | AK31: =E31-AB31 -> 42435.46 | AL31: =G31-AD31 -> 1126504.9 | AM31: =I31-AF31 -> 1509775.6 | AN31: =(AF31-AD31)/AD31 -> 0.20571088 | AO31: =AN31*100 -> 20.571088 | AP31: =AG31-AO31 -> 0.028911887 | AR31: 판매비와관리비 | AS31: -1829758885953 | AU31: -2357696565226 | AW31: -2479262805686 | AY31: -2585445756334 | BA31: =-'12. 추정 IS'!AZ41*1000 -> -2.5822798e+12 | BB31: =O31*1000000+BA31 -> 0 | BE31: =SUM(BE32:BE33) -> -1829758885953 | BG31: -2357696565226 | BI31: -2479262805686 | BK31: =BE31-AS31 -> 0 | BM31: =BG31-AU31 -> 0 | BO31: =BI31-AW31 -> 0
C32: [1] 홈쇼핑부문 | E32: 725384.46 | G32: ='9. 추정 IS'!F48 -> 898893 | H32: =(G32-E32)/E32 -> 0.23919528 | I32: ='9. 추정 IS'!G48 -> 908849 | J32: =(I32-G32)/G32 -> 0.011075846 | K32: ='9. 추정 IS'!H48 -> 864887.02 | L32: =(K32-I32)/I32 -> -0.048371053 | M32: ='9. 추정 IS'!I48 -> 825389.02 | N32: =(M32-K32)/K32 -> -0.045668392 | O32: ='9. 추정 IS'!J48 -> 816617.22 | P32: =IF(OR(M32<=0,O32<=0),0,O32/M32-1) -> -0.010627469 | BD32: 판매비와관리비 | BE32: -1829334017070 | BG32: -2356369136594 | BI32: -2459851579944
C33: (홈쇼핑부문 인건비) | E33: 104642 | G33: ='9. 추정 IS'!F50 -> 108194 | H33: =(G33-E33)/E33 -> 0.033944305 | I33: ='9. 추정 IS'!G50 -> 74094 | J33: =(I33-G33)/G33 -> -0.31517459 | K33: ='9. 추정 IS'!H50 -> 82590 | L33: =(K33-I33)/I33 -> 0.11466516 | M33: ='9. 추정 IS'!I50 -> 84194 | N33: =(M33-K33)/K33 -> 0.019421237 | O33: ='9. 추정 IS'!J50 -> 85905.775 | P33: =IF(OR(M33<=0,O33<=0),0,O33/M33-1) -> 0.020331318 | V33: 인건비 | X33: 102606 | Y33: 8.1 | Z33: 97219 | AA33: -5.3 | AB33: 96305 | AC33: -0.9 | AD33: 106070 | AE33: 10.1 | AF33: 104642 | AG33: -1.3 | AI33: =#REF!-X33 -> #REF! | AJ33: =#REF!-Z33 -> #REF! | AK33: =E33-AB33 -> 8337 | AL33: =G33-AD33 -> 2124 | AM33: =I33-AF33 -> -30548 | AN33: =(AF33-AD33)/AD33 -> -0.013462808 | AO33: =AN33*100 -> -1.3462808 | AP33: =AG33-AO33 -> 0.046280758 | BD33: 매출채권및기타채권 등 손상차손 | BE33: -424868883 | BG33: -1327428632 | BI33: -19411225742
C34: [2] 리테일부문 | E34: 0 | G34: =G31-G32 -> 930865.89 | H34: =IF(OR(E34<=0,G34<=0),0,G34/E34-1) -> 0 | I34: =I31-I32 -> 1448847.6 | J34: =IF(OR(G34<=0,I34<=0),0,I34/G34-1) -> 0.55645146 | K34: =K31-K32 -> 1614375.8 | L34: =IF(OR(I34<=0,K34<=0),0,K34/I34-1) -> 0.1142482 | M34: =M31-M32 -> 1760056.7 | N34: =IF(OR(K34<=0,M34<=0),0,M34/K34-1) -> 0.090239801 | O34: =O31-O32 -> 1765662.6 | P34: =IF(OR(M34<=0,O34<=0),0,O34/M34-1) -> 0.0031850564
B35: 영업손익 | E35: =E30-E31 -> 157884.42 | G35: =G30-G31 -> 304968.33 | H35: =IF(OR(E35<=0,G35<=0),0,G35/E35-1) -> 0.93159231 | I35: =I30-I31 -> 367053.79 | J35: =IF(OR(G35<=0,I35<=0),0,I35/G35-1) -> 0.20358002 | K35: =K30-K31 -> 314982.01 | L35: =IF(OR(I35<=0,K35<=0),0,K35/I35-1) -> -0.14186418 | M35: =M30-M31 -> 252635.89 | N35: =IF(OR(K35<=0,M35<=0),0,M35/K35-1) -> -0.1979355 | O35: =O30-O31 -> 289896.72 | P35: =IF(OR(M35<=0,O35<=0),0,O35/M35-1) -> 0.14748828 | U35: 영업손익 | X35: 128631 | Y35: 14.4 | Z35: 144490 | AA35: 12.3 | AB35: 137337 | AC35: -5 | AD35: 120050 | AE35: -12.6 | AF35: 157885 | AG35: 31.5 | AI35: =#REF!-X35 -> #REF! | AJ35: =#REF!-Z35 -> #REF! | AK35: =E35-AB35 -> 20547.42 | AL35: =G35-AD35 -> 184918.33 | AM35: =I35-AF35 -> 209168.79 | AN35: =(AF35-AD35)/AD35 -> 0.31516035 | AO35: =AN35*100 -> 31.516035 | AP35: =AG35-AO35 -> -0.016034985 | AR35: 영업이익(손실) | AS35: 304968331722 | AT35: =AS35-G35*1000000 -> 0.00054931641 | AU35: 367053790526 | AV35: =AU35-I35*1000000 -> 0.0010986328 | AW35: 314982006729 | AX35: =AW35-K35*1000000 -> -0.001159668 | AY35: 252635886479 | AZ35: =AY35-M35*1000000 -> 0.00082397461 | BA35: ='12. 추정 IS'!AZ84*1000 -> 2.8989672e+11 | BB35: =BA35-O35*1000000 -> 0 | BD35: 영업이익(손실) | BE35: 304968331722 | BG35: 367053790526 | BI35: 314982006729 | BK35: =BE35-AS35 -> 0 | BM35: =BG35-AU35 -> 0 | BO35: =BI35-AW35 -> 0
C36: [1] 홈쇼핑부문 | E36: =E19-E28-E32 -> 157884.42 | G36: =G19-G28-G32 -> 135914 | H36: =IF(OR(E36<=0,G36<=0),0,G36/E36-1) -> -0.13915509 | I36: =I19-I28-I32 -> 142570 | J36: =IF(OR(G36<=0,I36<=0),0,I36/G36-1) -> 0.048972144 | K36: =K19-K28-K32 -> 116909.38 | L36: =IF(OR(I36<=0,K36<=0),0,K36/I36-1) -> -0.17998614 | M36: =M19-M28-M32 -> 107092.33 | N36: =IF(OR(K36<=0,M36<=0),0,M36/K36-1) -> -0.083971456 | O36: =O19-O28-O32 -> 93012.619 | P36: =IF(OR(M36<=0,O36<=0),0,O36/M36-1) -> -0.13147261
C37: [2] 리테일부문 | E37: =E35-E36 -> 0 | G37: =G35-G36 -> 169054.33 | H37: =IF(OR(E37<=0,G37<=0),0,G37/E37-1) -> 0 | I37: =I35-I36 -> 224483.79 | J37: =IF(OR(G37<=0,I37<=0),0,I37/G37-1) -> 0.32787955 | K37: =K35-K36 -> 198072.63 | L37: =IF(OR(I37<=0,K37<=0),0,K37/I37-1) -> -0.11765286 | M37: =M35-M36 -> 145543.56 | N37: =IF(OR(K37<=0,M37<=0),0,M37/K37-1) -> -0.26520105 | O37: =O35-O36 -> 196884.1 | P37: =IF(OR(M37<=0,O37<=0),0,O37/M37-1) -> 0.35275034
B38: 당기순손익 | E38: 128898.51 | G38: =AS38/1000000 -> 849216.33 | H38: =(G38-E38)/E38 -> 5.5882555 | I38: =AU38/1000000 -> 61514.258 | J38: =(I38-G38)/G38 -> -0.9275635 | K38: =AW38/1000000 -> -24548.413 | L38: =(K38-I38)/I38 -> -1.3990687 | M38: =AY38/1000000 -> -60803.458 | N38: =(M38-K38)/K38 -> 1.4768794 | O38: =BA38/1000000 -> 84116.793 | P38: =(O38-M38)/M38 -> -2.3834212 | U38: 당기순손익 | X38: 103493 | Y38: 28.1 | Z38: 97005 | AA38: -6.3 | AB38: 120615 | AC38: 24.3 | AD38: 106603 | AE38: -11.6 | AF38: 128898 | AG38: 20.9 | AI38: =#REF!-X38 -> #REF! | AJ38: =#REF!-Z38 -> #REF! | AK38: =E38-AB38 -> 8283.5124 | AL38: =G38-AD38 -> 742613.33 | AM38: =I38-AF38 -> -67383.742 | AN38: =(AF38-AD38)/AD38 -> 0.20914046 | AO38: =AN38*100 -> 20.914046 | AP38: =AG38-AO38 -> -0.014045571 | AR38: 당기순이익(손실) | AS38: 849216327484 | AU38: 61514258324 | AW38: -24548412726 | AY38: -60803458305 | BA38: ='12. 추정 IS'!AZ111*1000 -> 8.4116793e+10 | BB38: =BA38-O38*1000000 -> 0 | BD38: 당기순이익(손실) | BE38: 849216327484 | BG38: 61514258324 | BI38: -24548412726 | BK38: =BE38-AS38 -> 0 | BM38: =BG38-AU38 -> 0 | BO38: =BI38-AW38 -> 0
A39: 재무비율 | B39: 유동비율 | E39: =IF(E10<=0,"N/A",E7/E10) -> 2.5954609 | G39: =IF(G10<=0,"N/A",G7/G10) -> 0.60894806 | I39: =IF(I10<=0,"N/A",I7/I10) -> 0.70637636 | K39: =IF(K10<=0,"N/A",K7/K10) -> 0.82632987 | M39: =IF(M10<=0,"N/A",M7/M10) -> 0.81364884 | O39: =IF(O10<=0,"N/A",O7/O10) -> 0.96733882 | Q39: 유동자산/유동부채
B40: 부채비율 | E40: =IF(E12<=0,"N/A",E9/E12) -> 0.25054514 | G40: =IF(G12<=0,"N/A",G9/G12) -> 0.86777458 | I40: =IF(I12<=0,"N/A",I9/I12) -> 0.9347282 | K40: =IF(K12<=0,"N/A",K9/K12) -> 1.0131433 | M40: =IF(M12<=0,"N/A",M9/M12) -> 1.2344588 | O40: =IF(O12<=0,"N/A",O9/O12) -> 1.1417299 | Q40: 부채총계/자본총계
B41: 자기자본이익률 | E41: =IF(E13<=0,"N/A",E10/E13) -> 8.6999742 | G41: =IF(AVERAGE(E12,G12)<=0,"N/A",G38/AVERAGE(E12,G12)) -> 0.31687057 | I41: =IF(AVERAGE(G12,I12)<=0,"N/A",I38/AVERAGE(G12,I12)) -> 0.014965038 | K41: =IF(AVERAGE(I12,K12)<=0,"N/A",K38/AVERAGE(I12,K12)) -> -0.0059930287 | M41: =IF(AVERAGE(K12,M12)<=0,"N/A",M38/AVERAGE(K12,M12)) -> -0.016693019 | O41: =IF(AVERAGE(M12,O12)<=0,"N/A",O38/AVERAGE(M12,O12)) -> 0.02577343 | Q41: 당기순이익/평균자본총계
B42: 매출액영업이익률 | E42: =IF(E14<=0,"N/A",E11/E14) -> 0.24789011 | G42: =IF(G18<=0,"N/A",G35/G18) -> 0.033444965 | I42: =IF(I18<=0,"N/A",I35/I18) -> 0.035260708 | K42: =IF(K18<=0,"N/A",K35/K18) -> 0.028932218 | M42: =IF(M18<=0,"N/A",M35/M18) -> 0.02220383 | O42: =IF(O18<=0,"N/A",O35/O18) -> 0.024620424 | Q42: 영업이익/매출액 | BD42: (단위 : 원)
B43: 총자본회전율 | E43: =IF(E15<=0,"N/A",E12/E15) -> 83.50475 | G43: =IF(AVERAGE(E12,G12)<=0,"N/A",G18/AVERAGE(E12,G12)) -> 3.4024172 | I43: =IF(AVERAGE(G12,I12)<=0,"N/A",I18/AVERAGE(G12,I12)) -> 2.5324491 | K43: =IF(AVERAGE(I12,K12)<=0,"N/A",K18/AVERAGE(I12,K12)) -> 2.6578286 | M43: =IF(AVERAGE(K12,M12)<=0,"N/A",M18/AVERAGE(K12,M12)) -> 3.1237319 | O43: =IF(AVERAGE(M12,O12)<=0,"N/A",O18/AVERAGE(M12,O12)) -> 3.6077572 | Q43: 매출액/평균자본총계 | BE43: 제 51 기 | BG43: 제 52 기 | BI43: 제 53 기
B44: 매출액증가율 | E44: =IF(E16<=0,"N/A",E13/E16) -> 0.027362475 | G44: =IF(E18<=0,"N/A",G18/E18-1) -> 6.5564668 | I44: =IF(G18<=0,"N/A",I18/G18-1) -> 0.14160189 | K44: =IF(I18<=0,"N/A",K18/I18-1) -> 0.04584022 | M44: =IF(K18<=0,"N/A",M18/K18-1) -> 0.045112713 | O44: =IF(M18<=0,"N/A",O18/M18-1) -> 0.034857683 | Q44: 당기 매출액/전기 매출액 - 1 | BD44: 매출액 | BE44: 9118512626842 | BG44: 10409711225602 | BI44: 10886894680059
B45: 총자산증가율 | E45: =IF(E17<=0,"N/A",E14/E17) -> N/A | G45: =IF(E6<=0,"N/A",G6/E6-1) -> 3.9172993 | I45: =IF(G6<=0,"N/A",I6/G6-1) -> 0.035473229 | K45: =IF(I6<=0,"N/A",K6/I6-1) -> 0.033629171 | M45: =IF(K6<=0,"N/A",M6/K6-1) -> -0.12935984 | O45: =IF(M6<=0,"N/A",O6/M6-1) -> -0.0047814114 | Q45: 당기 자산총계/전기 자산총계 - 1 | BD45: 매출원가 | BE45: -6983785409167 | BG45: -7684960869850 | BI45: -8092649867644
A46: ※ 홈쇼핑부문 : 데이터홈쇼핑, TV홈쇼핑, 모바일사업 (합병 전 지에스홈쇼핑 법인과 동일 사업 영역) | BD46: 매출총이익 | BE46: 2134727217675 | BG46: 2724750355752 | BI46: 2794244812415
A47: ※ 법인 기준으로 작성 (별도 기준, 연도말 감사보고서 기준) | BD47: 판매비와관리비 | BE47: -1829334017070 | BG47: -2356369136594 | BI47: -2459851579944
A48: - 2021년 : (합병 전 지에스홈쇼핑 상반기 실적이 제외된) 합병법인 기준, 단 손익계산서는 홈쇼핑부문을 연간으로 별도 구분회계함 | BD48: 영업이익(손실) | BE48: 304968331722 | BG48: 367053790526 | BI48: 314982006729
A49: - 2022~2025년 : 합병 후 합병법인 기준. 단, 손익계산서는 홈쇼핑 부문 연간 부문별 손익 별도 표기 | BD49: 기타이익 | BE49: 680773758815 | BG49: 48602934273 | BI49: 37693734463
A50: - 2022년 H&B사업부, 2023년 디지털사업부 중단으로 재무제표 수정 공시되었으며, 수정 공시된 재무제표 기준으로 작성

Sheet 2. 추정_요약재무제표
A2: ■ 추정 요약 재무제표
U3: (단위 : 백만원)
A4: 구 분 | E4: 2025년 | G4: 2026년 | I4: 2027년 | K4: 2028년 | M4: 2029년 | O4: 2030년 | Q4: 2031년 | S4: 2032년 | U4: 비 고 | AI4: 구 분 | AM4: 2021 | AO4: 2022 | AQ4: 2023 | AS4: 2024 | AU4: 2025
F5: 증감률 | H5: 증감률 | J5: 증감률 | L5: 증감률 | N5: 증감률 | P5: 증감률 | R5: 증감률 | T5: 증감률 | W5: ='7-1. FS'!AD4 -> 2022 | X5: ='7-1. FS'!AE4 -> 2023 | Y5: ='7-1. FS'!AF4 -> 2024 | Z5: ='7-1. FS'!AG4 -> 2025 | AA5: ='7-1. FS'!AH4 -> 2026 | AB5: ='7-1. FS'!AI4 -> 2027 | AC5: ='7-1. FS'!AJ4 -> 2028 | AD5: ='7-1. FS'!AK4 -> 2029 | ... AG5: ='7-1. FS'!AN4 -> 2032 | AM5: 금액 | AN5: 증감률 | AO5: 금액 | AP5: 증감률 | AQ5: 금액 | AR5: 증감률 | AS5: 금액 | AT5: 증감률 | AU5: 금액 | AV5: 증감률
A6: 요약재무상태표 | B6: 자산총계 | E6: =SUM(E7:E8) -> 7121336.9 | G6: =SUM(G7:G8) -> 7099210.7 | H6: =(G6-E6)/E6 -> -0.003107023 | I6: =SUM(I7:I8) -> 7163823.6 | J6: =(I6-G6)/G6 -> 0.0091014196 | K6: =SUM(K7:K8) -> 7227078.5 | L6: =(K6-I6)/I6 -> 0.0088297748 | M6: =SUM(M7:M8) -> 7305975.3 | N6: =(M6-K6)/K6 -> 0.01091682 | O6: =SUM(O7:O8) -> 7403329.7 | P6: =(O6-M6)/M6 -> 0.013325316 | Q6: =SUM(Q7:Q8) -> 7507419.1 | R6: =(Q6-O6)/O6 -> 0.01405981 | S6: =SUM(S7:S8) -> 7624408.7 | T6: =(S6-Q6)/Q6 -> 0.0155832 | AI6: 요약 | AJ6: 자산총계 | AM6: 7159001 | AN6: 3.584 | AO6: 7429779 | AP6: 0.038 | AQ6: 7728828 | AR6: 0.04 | AS6: 8214836 | AT6: 0.063 | AU6: 8659410 | AV6: 0.054 | AX6: =#REF!-AM6 -> #REF! | AY6: =#REF!-AO6 -> #REF! | AZ6: =#REF!-AQ6 -> #REF! | BA6: =#REF!-AS6 -> #REF! | BB6: =E6-AU6 -> -1538073.1 | BC6: =(AU6-AS6)/AS6 -> 0.054118427 | BD6: =AV6-BC6 -> -0.00011842671
C7: 유동자산 | E7: ='1. 요약재무제표'!O7 -> 1670299 | G7: =AA7 -> 1730329 | H7: =(G7-E7)/E7 -> 0.035939664 | I7: =AB7 -> 1845752.3 | J7: =(I7-G7)/G7 -> 0.066705994 | K7: =AC7 -> 1948134.1 | L7: =(K7-I7)/I7 -> 0.055468902 | M7: =AD7 -> 1966437.4 | N7: =(M7-K7)/K7 -> 0.0093952775 | O7: =AE7 -> 2000160.3 | P7: =(O7-M7)/M7 -> 0.017149241 | Q7: =AF7 -> 2031732 | R7: =(Q7-O7)/O7 -> 0.015784607 | S7: =AG7 -> 2070270.4 | T7: =(S7-Q7)/Q7 -> 0.018968226 | W7: ='7-1. FS'!AD6 -> 1219865.1 | X7: ='7-1. FS'!AE6 -> 1716831.9 | Y7: ='7-1. FS'!AF6 -> 1422037.5 | Z7: ='7-1. FS'!AG6 -> 1670243.3 | AA7: ='7-1. FS'!AH6 -> 1730329 | AB7: ='7-1. FS'!AI6 -> 1845752.3 | AC7: ='7-1. FS'!AJ6 -> 1948134.1 | AD7: ='7-1. FS'!AK6 -> 1966437.4 | ... AG7: ='7-1. FS'!AN6 -> 2070270.4 | AI7: 재무 | AK7: 유동자산 | AM7: 1801150 | AN7: 1.431 | AO7: 1998924 | AP7: 0.11 | AQ7: 2231671 | AR7: 0.116 | AS7: 2624613 | AT7: 0.176 | AU7: 3108861 | AV7: 0.185 | AX7: =#REF!-AM7 -> #REF! | AY7: =#REF!-AO7 -> #REF! | AZ7: =#REF!-AQ7 -> #REF! | BA7: =#REF!-AS7 -> #REF! | BB7: =E7-AU7 -> -1438562 | BC7: =(AU7-AS7)/AS7 -> 0.18450263 | BD7: =AV7-BC7 -> 0.00049737047
C8: 비유동자산 | E8: ='1. 요약재무제표'!O8 -> 5451037.9 | G8: =AA8 -> 5368881.7 | H8: =(G8-E8)/E8 -> -0.015071651 | I8: =AB8 -> 5318071.3 | J8: =(I8-G8)/G8 -> -0.0094638733 | K8: =AC8 -> 5278944.4 | L8: =(K8-I8)/I8 -> -0.0073573482 | M8: =AD8 -> 5339537.9 | N8: =(M8-K8)/K8 -> 0.011478328 | O8: =AE8 -> 5403169.4 | P8: =(O8-M8)/M8 -> 0.011917046 | Q8: =AF8 -> 5475687.1 | R8: =(Q8-O8)/O8 -> 0.013421321 | S8: =AG8 -> 5554138.3 | T8: =(S8-Q8)/Q8 -> 0.0143272 | W8: ='7-1. FS'!AD7 -> 6724596.9 | X8: ='7-1. FS'!AE7 -> 6492488.3 | Y8: ='7-1. FS'!AF7 -> 5731760.4 | Z8: ='7-1. FS'!AG7 -> 5446774.4 | AA8: ='7-1. FS'!AH7 -> 5368881.7 | AB8: ='7-1. FS'!AI7 -> 5318071.3 | AC8: ='7-1. FS'!AJ7 -> 5278944.4 | AD8: ='7-1. FS'!AK7 -> 5339537.9 | ... AG8: ='7-1. FS'!AN7 -> 5554138.3 | AI8: 상태표 | AK8: 비유동자산 | AM8: 5357852 | AN8: 5.528 | AO8: 5430855 | AP8: 0.014 | AQ8: 5497157 | AR8: 0.012 | AS8: 5590222 | AT8: 0.017 | AU8: 5550548 | AV8: -0.007 | AX8: =#REF!-AM8 -> #REF! | AY8: =#REF!-AO8 -> #REF! | AZ8: =#REF!-AQ8 -> #REF! | BA8: =#REF!-AS8 -> #REF! | BB8: =E8-AU8 -> -99510.119 | BC8: =(AU8-AS8)/AS8 -> -0.0070970348 | BD8: =AV8-BC8 -> 9.7034787e-05
B9: 부채총계 | E9: =SUM(E10:E11) -> 3796297.1 | G9: =SUM(G10:G11) -> 3663172.6 | H9: =(G9-E9)/E9 -> -0.03506694 | I9: =SUM(I10:I11) -> 3614257.3 | J9: =(I9-G9)/G9 -> -0.013353269 | K9: =SUM(K10:K11) -> 3575964.5 | L9: =(K9-I9)/I9 -> -0.010594915 | M9: =SUM(M10:M11) -> 3551876.7 | N9: =(M9-K9)/K9 -> -0.0067360513 | O9: =SUM(O10:O11) -> 3534590 | P9: =(O9-M9)/M9 -> -0.0048669049 | Q9: =SUM(Q10:Q11) -> 3523282.1 | R9: =(Q9-O9)/O9 -> -0.0031992073 | S9: =SUM(S10:S11) -> 3518550.9 | T9: =(S9-Q9)/Q9 -> -0.0013428468 | AJ9: 부채총계 | AM9: 3413667 | AN9: 9.911 | AO9: 3411605 | AP9: -0.001 | AQ9: 3407808 | AR9: -0.001 | AS9: 3508037 | AT9: 0.029 | AU9: 3482792 | AV9: -0.007 | AX9: =#REF!-AM9 -> #REF! | AY9: =#REF!-AO9 -> #REF! | AZ9: =#REF!-AQ9 -> #REF! | BA9: =#REF!-AS9 -> #REF! | BB9: =E9-AU9 -> 313505.13 | BC9: =(AU9-AS9)/AS9 -> -0.0071963323 | BD9: =AV9-BC9 -> 0.00019633231
C10: 유동부채 | E10: ='1. 요약재무제표'!O10 -> 1726694.9 | G10: =AA10 -> 1793843.7 | H10: =(G10-E10)/E10 -> 0.038888667 | I10: =AB10 -> 1603385.6 | J10: =(I10-G10)/G10 -> -0.10617318 | K10: =AC10 -> 1613813 | L10: =(K10-I10)/I10 -> 0.0065033044 | M10: =AD10 -> 1631567.1 | N10: =(M10-K10)/K10 -> 0.011001363 | O10: =AE10 -> 1651298.1 | P10: =(O10-M10)/M10 -> 0.012093272 | Q10: =AF10 -> 1671790.3 | R10: =(Q10-O10)/O10 -> 0.012409774 | S10: =AG10 -> 1696078.5 | T10: =(S10-Q10)/Q10 -> 0.014528237 | W10: ='7-1. FS'!AD17 -> 1726933.7 | X10: ='7-1. FS'!AE17 -> 2077661.1 | Y10: ='7-1. FS'!AF17 -> 1747740.3 | Z10: ='7-1. FS'!AG17 -> 1726640.3 | AA10: ='7-1. FS'!AH17 -> 1793843.7 | AB10: ='7-1. FS'!AI17 -> 1603385.6 | AC10: ='7-1. FS'!AJ17 -> 1613813 | AD10: ='7-1. FS'!AK17 -> 1631567.1 | ... AG10: ='7-1. FS'!AN17 -> 1696078.5 | AK10: 유동부채 | AM10: 1326683 | AN10: 3.647 | AO10: 1605033 | AP10: 0.21 | AQ10: 1657701 | AR10: 0.033 | AS10: 1820972 | AT10: 0.098 | AU10: 2049481 | AV10: 0.125 | AX10: =#REF!-AM10 -> #REF! | AY10: =#REF!-AO10 -> #REF! | AZ10: =#REF!-AQ10 -> #REF! | BA10: =#REF!-AS10 -> #REF! | BB10: =E10-AU10 -> -322786.13 | BC10: =(AU10-AS10)/AS10 -> 0.12548738 | BD10: =AV10-BC10 -> -0.00048737707
C11: 비유동부채 | E11: ='1. 요약재무제표'!O11 -> 2069602.3 | G11: =AA11 -> 1869328.9 | H11: =(G11-E11)/E11 -> -0.096769022 | I11: =AB11 -> 2010871.6 | J11: =(I11-G11)/G11 -> 0.075718489 | K11: =AC11 -> 1962151.6 | L11: =(K11-I11)/I11 -> -0.024228327 | M11: =AD11 -> 1920309.6 | N11: =(M11-K11)/K11 -> -0.021324562 | O11: =AE11 -> 1883291.9 | P11: =(O11-M11)/M11 -> -0.019276908 | Q11: =AF11 -> 1851491.8 | R11: =(Q11-O11)/O11 -> -0.016885391 | S11: =AG11 -> 1822472.4 | T11: =(S11-Q11)/Q11 -> -0.01567352 | W11: ='7-1. FS'!AD18 -> 2107738.5 | X11: ='7-1. FS'!AE18 -> 2049126.1 | Y11: ='7-1. FS'!AF18 -> 2203694.5 | Z11: ='7-1. FS'!AG18 -> 2063974.7 | AA11: ='7-1. FS'!AH18 -> 1869328.9 | AB11: ='7-1. FS'!AI18 -> 2010871.6 | AC11: ='7-1. FS'!AJ18 -> 1962151.6 | AD11: ='7-1. FS'!AK18 -> 1920309.6 | ... AG11: ='7-1. FS'!AN18 -> 1822472.4 | AK11: 비유동부채 | AM11: 2086984 | AN11: 75.165 | AO11: 1806573 | AP11: -0.134 | AQ11: 1750107 | AR11: -0.031 | AS11: 1687065 | AT11: -0.036 | AU11: 1433311 | AV11: -0.15 | AX11: =#REF!-AM11 -> #REF! | AY11: =#REF!-AO11 -> #REF! | AZ11: =#REF!-AQ11 -> #REF! | BA11: =#REF!-AS11 -> #REF! | BB11: =E11-AU11 -> 636291.27 | BC11: =(AU11-AS11)/AS11 -> -0.15041151 | BD11: =AV11-BC11 -> 0.00041151349
B12: 자본총계 | E12: =SUM(E13:E17) -> 3325039.7 | G12: =SUM(G13:G17) -> 3438806.1 | H12: =(G12-E12)/E12 -> 0.03421504 | I12: =SUM(I13:I17) -> 3552334.3 | J12: =(I12-G12)/G12 -> 0.033013849 | K12: =SUM(K13:K17) -> 3653882 | L12: =(K12-I12)/I12 -> 0.028586189 | M12: =SUM(M13:M17) -> 3756866.6 | N12: =(M12-K12)/K12 -> 0.028184981 | O12: =SUM(O13:O17) -> 3871507.7 | P12: =(O12-M12)/M12 -> 0.030515077 | Q12: =SUM(Q13:Q17) -> 3986905 | R12: =(Q12-O12)/O12 -> 0.029806811 | S12: =SUM(S13:S17) -> 4108625.8 | T12: =(S12-Q12)/Q12 -> 0.030530159 | AJ12: 자본총계 | AM12: 3745335 | AN12: 1.999 | AO12: 4018174 | AP12: 0.073 | AQ12: 4321019 | AR12: 0.075 | AS12: 4706798 | AT12: 0.089 | AU12: 5176618 | AV12: 0.1 | AX12: =#REF!-AM12 -> #REF! | AY12: =#REF!-AO12 -> #REF! | AZ12: =#REF!-AQ12 -> #REF! | BA12: =#REF!-AS12 -> #REF! | BB12: =E12-AU12 -> -1851578.3 | BC12: =(AU12-AS12)/AS12 -> 0.099817328 | BD12: =AV12-BC12 -> 0.00018267196
C13: 자본금 | E13: ='1. 요약재무제표'!O13 -> 83607.415 | G13: =AA13 -> 83607.493 | H13: =(G13-E13)/E13 -> 9.3293161e-07 | I13: =AB13 -> 83607.493 | J13: =(I13-G13)/G13 -> 0 | K13: =AC13 -> 83607.493 | L13: =(K13-I13)/I13 -> 0 | M13: =AD13 -> 83607.493 | N13: =(M13-K13)/K13 -> 0 | O13: =AE13 -> 83607.493 | P13: =(O13-M13)/M13 -> 0 | Q13: =AF13 -> 83607.493 | R13: =(Q13-O13)/O13 -> 0 | S13: =AG13 -> 83607.493 | T13: =(S13-Q13)/Q13 -> 0 | W13: ='7-1. FS'!AD27 -> 104718 | X13: ='7-1. FS'!AE27 -> 104718 | Y13: ='7-1. FS'!AF27 -> 83607.493 | Z13: ='7-1. FS'!AG27 -> 83607 | AA13: ='7-1. FS'!AH27 -> 83607.493 | AB13: ='7-1. FS'!AI27 -> 83607.493 | AC13: ='7-1. FS'!AJ27 -> 83607.493 | AD13: ='7-1. FS'!AK27 -> 83607.493 | ... AG13: ='7-1. FS'!AN27 -> 83607.493 | AK13: 자본금 | AM13: 109813 | AN13: 2.347 | AO13: 109813 | AP13: 0 | AQ13: 109813 | AR13: 0 | AS13: 109813 | AT13: 0 | AU13: 109813 | AV13: 0 | AX13: =#REF!-AM13 -> #REF! | AY13: =#REF!-AO13 -> #REF! | AZ13: =#REF!-AQ13 -> #REF! | BA13: =#REF!-AS13 -> #REF! | BB13: =E13-AU13 -> -26205.585 | BC13: =(AU13-AS13)/AS13 -> 0 | BD13: =AV13-BC13 -> 0
C14: 자본잉여금 | E14: ='1. 요약재무제표'!O14 -> 966458.25 | G14: =AA14 -> 966458 | H14: =(G14-E14)/E14 -> -2.5956941e-07 | I14: =AB14 -> 966458 | J14: =(I14-G14)/G14 -> 0 | K14: =AC14 -> 966458 | L14: =(K14-I14)/I14 -> 0 | M14: =AD14 -> 966458 | N14: =(M14-K14)/K14 -> 0 | O14: =AE14 -> 966458 | P14: =(O14-M14)/M14 -> 0 | Q14: =AF14 -> 966458 | R14: =(Q14-O14)/O14 -> 0 | S14: =AG14 -> 966458 | T14: =(S14-Q14)/Q14 -> 0 | W14: ='7-1. FS'!AD28 -> 1195692.5 | X14: ='7-1. FS'!AE28 -> 1195692.5 | Y14: ='7-1. FS'!AF28 -> 966458.25 | Z14: ='7-1. FS'!AG28 -> 966458 | AA14: ='7-1. FS'!AH28 -> 966458 | AB14: ='7-1. FS'!AI28 -> 966458 | AC14: ='7-1. FS'!AJ28 -> 966458 | AD14: ='7-1. FS'!AK28 -> 966458 | ... AG14: ='7-1. FS'!AN28 -> 966458 | AK14: 자본잉여금 | AM14: 262644 | AN14: 1.376 | AO14: 262644 | AP14: 0 | AQ14: 262644 | AR14: 0 | AS14: 262644 | AT14: 0 | AU14: 262644 | AV14: 0 | AX14: =#REF!-AM14 -> #REF! | AY14: =#REF!-AO14 -> #REF! | AZ14: =#REF!-AQ14 -> #REF! | BA14: =#REF!-AS14 -> #REF! | BB14: =E14-AU14 -> 703814.25 | BC14: =(AU14-AS14)/AS14 -> 0 | BD14: =AV14-BC14 -> 0
C15: 기타포괄손익누계액 | E15: ='1. 요약재무제표'!O15 -> 125770.59 | G15: =AA15 -> 125771 | H15: =(G15-E15)/E15 -> 3.2638235e-06 | I15: =AB15 -> 125771 | J15: =(I15-G15)/G15 -> 0 | K15: =AC15 -> 125771 | L15: =(K15-I15)/I15 -> 0 | M15: =AD15 -> 125771 | N15: =(M15-K15)/K15 -> 0 | O15: =AE15 -> 125771 | P15: =(O15-M15)/M15 -> 0 | Q15: =AF15 -> 125771 | R15: =(Q15-O15)/O15 -> 0 | S15: =AG15 -> 125771 | T15: =(S15-Q15)/Q15 -> 0 | W15: ='7-1. FS'!AD33 -> 44540.656 | X15: ='7-1. FS'!AE33 -> 61373.205 | Y15: ='7-1. FS'!AF33 -> 86173.492 | Z15: ='7-1. FS'!AG33 -> 125771 | AA15: ='7-1. FS'!AH33 -> 125771 | AB15: ='7-1. FS'!AI33 -> 125771 | AC15: ='7-1. FS'!AJ33 -> 125771 | AD15: ='7-1. FS'!AK33 -> 125771 | ... AG15: ='7-1. FS'!AN33 -> 125771 | AK15: 기타포괄손익누계액 | AM15: 13139 | AN15: -0.121 | AO15: 13139 | AP15: 0 | AQ15: 13139 | AR15: 0 | AS15: 13139 | AT15: 0 | AU15: 13139 | AV15: 0 | AX15: =#REF!-AM15 -> #REF! | AY15: =#REF!-AO15 -> #REF! | AZ15: =#REF!-AQ15 -> #REF! | BA15: =#REF!-AS15 -> #REF! | BB15: =E15-AU15 -> 112631.59 | BC15: =(AU15-AS15)/AS15 -> 0 | BD15: =AV15-BC15 -> 0
C16: 이익잉여금 | E16: ='1. 요약재무제표'!O16 -> 2750737.4 | G16: =AA16 -> 2864503.6 | H16: =(G16-E16)/E16 -> 0.04135843 | I16: =AB16 -> 2978031.8 | J16: =(I16-G16)/G16 -> 0.039632774 | K16: =AC16 -> 3079579.5 | L16: =(K16-I16)/I16 -> 0.03409893 | M16: =AD16 -> 3182564.1 | N16: =(M16-K16)/K16 -> 0.033441122 | O16: =AE16 -> 3297205.2 | P16: =(O16-M16)/M16 -> 0.036021607 | Q16: =AF16 -> 3412602.5 | R16: =(Q16-O16)/O16 -> 0.034998519 | S16: =AG16 -> 3534323.3 | T16: =(S16-Q16)/Q16 -> 0.03566804 | W16: ='7-1. FS'!AD29 -> 2865790.2 | X16: ='7-1. FS'!AE29 -> 2791700.9 | Y16: ='7-1. FS'!AF29 -> 2670425.8 | Z16: ='7-1. FS'!AG29 -> 2754868.7 | AA16: ='7-1. FS'!AH29 -> 2864503.6 | AB16: ='7-1. FS'!AI29 -> 2978031.8 | AC16: ='7-1. FS'!AJ29 -> 3079579.5 | AD16: ='7-1. FS'!AK29 -> 3182564.1 | ... AG16: ='7-1. FS'!AN29 -> 3534323.3 | AK16: 이익잉여금 | AM16: 3468537 | AN16: 1.892 | AO16: 3741376 | AP16: 0.079 | AQ16: 4044222 | AR16: 0.081 | AS16: 4430001 | AT16: 0.095 | AU16: 4899821 | AV16: 0.106 | AX16: =#REF!-AM16 -> #REF! | AY16: =#REF!-AO16 -> #REF! | AZ16: =#REF!-AQ16 -> #REF! | BA16: =#REF!-AS16 -> #REF! | BB16: =E16-AU16 -> -2149083.6 | BC16: =(AU16-AS16)/AS16 -> 0.10605415 | BD16: =AV16-BC16 -> -5.4152132e-05
C17: 기타자본항목 | E17: ='1. 요약재무제표'!O17 -> -601533.95 | G17: =AA17 -> -601534 | H17: =(G17-E17)/E17 -> 8.3167376e-08 | I17: =AB17 -> -601534 | J17: =(I17-G17)/G17 -> 0 | K17: =AC17 -> -601534 | L17: =(K17-I17)/I17 -> 0 | M17: =AD17 -> -601534 | N17: =(M17-K17)/K17 -> 0 | O17: =AE17 -> -601534 | P17: =(O17-M17)/M17 -> 0 | Q17: =AF17 -> -601534 | R17: =(Q17-O17)/O17 -> 0 | S17: =AG17 -> -601534 | T17: =(S17-Q17)/Q17 -> 0 | W17: ='7-1. FS'!AD32 -> -98183.617 | X17: ='7-1. FS'!AE32 -> -68183.615 | Y17: ='7-1. FS'!AF32 -> -601533.95 | Z17: ='7-1. FS'!AG32 -> -601534 | AA17: ='7-1. FS'!AH32 -> -601534 | AB17: ='7-1. FS'!AI32 -> -601534 | AC17: ='7-1. FS'!AJ32 -> -601534 | AD17: ='7-1. FS'!AK32 -> -601534 | ... AG17: ='7-1. FS'!AN32 -> -601534 | AK17: 자본조정 | AM17: -108799 | AN17: 0.001 | AO17: -108799 | AP17: 0 | AQ17: -108799 | AR17: 0 | AS17: -108799 | AT17: 0 | AU17: -108799 | AV17: 0 | AX17: =#REF!-AM17 -> #REF! | AY17: =#REF!-AO17 -> #REF! | AZ17: =#REF!-AQ17 -> #REF! | BA17: =#REF!-AS17 -> #REF! | BB17: =E17-AU17 -> -492734.95 | BC17: =(AU17-AS17)/AS17 -> 0 | BD17: =AV17-BC17 -> 0
A18: 요약손익계산서 | B18: 매출액 | E18: =E19+E26 -> 11774644 | G18: =G19+G26 -> 12032603 | H18: =(G18-E18)/E18 -> 0.021908034 | I18: =I19+I26 -> 12216426 | J18: =(I18-G18)/G18 -> 0.015277099 | K18: =K19+K26 -> 12411089 | L18: =(K18-I18)/I18 -> 0.015934511 | M18: =M19+M26 -> 12626306 | N18: =(M18-K18)/K18 -> 0.017340684 | O18: =O19+O26 -> 12850431 | P18: =(O18-M18)/M18 -> 0.017750609 | Q18: =Q19+Q26 -> 13103491 | R18: =(Q18-O18)/O18 -> 0.019692722 | S18: =S19+S26 -> 13382836 | T18: =(S18-Q18)/Q18 -> 0.021318364 | AI18: 요약 | AJ18: 매출액 | AM18: 10241785 | AN18: 7.487 | AO18: 11844133 | AP18: 0.156 | AQ18: 12654110 | AR18: 0.068 | AS18: 13664771 | AT18: 0.08 | AU18: 14769066 | AV18: 0.081 | AX18: =#REF!-AM18 -> #REF! | AY18: =#REF!-AO18 -> #REF! | AZ18: =#REF!-AQ18 -> #REF! | BA18: =#REF!-AS18 -> #REF! | BB18: =E18-AU18 -> -2994422.1 | BC18: =(AU18-AS18)/AS18 -> 0.080813283 | BD18: =AV18-BC18 -> 0.00018671744
C19: [1] 홈쇼핑부문 | E19: =SUM(E20:E22) -> 1049110.2 | G19: =SUM(G20:G22) -> 1060021.4 | H19: =(G19-E19)/E19 -> 0.010400464 | I19: =SUM(I20:I22) -> 1054370.4 | J19: =(I19-G19)/G19 -> -0.0053310454 | K19: =SUM(K20:K22) -> 1048778.8 | L19: =(K19-I19)/I19 -> -0.0053032676 | M19: =SUM(M20:M22) -> 1043246 | N19: =(M19-K19)/K19 -> -0.0052754898 | O19: =SUM(O20:O22) -> 1038379.9 | P19: =(O19-M19)/M19 -> -0.0046643787 | Q19: =SUM(Q20:Q22) -> 1034574.9 | R19: =(Q19-O19)/O19 -> -0.0036643787 | S19: =SUM(S20:S22) -> 1031990.8 | T19: =(S19-Q19)/Q19 -> -0.0024977121 | AI19: 손익 | AK19: [1] GS홈쇼핑 | AM19: 1304180 | AN19: 0.081 | AO19: 1411122 | AP19: 0.082 | AQ19: 1488734 | AR19: 0.055 | AS19: 1555727 | AT19: 0.045 | AU19: 1614844 | AV19: 0.038 | AX19: =#REF!-AM19 -> #REF! | AY19: =#REF!-AO19 -> #REF! | AZ19: =#REF!-AQ19 -> #REF! | BA19: =#REF!-AS19 -> #REF! | BB19: =E19-AU19 -> -565733.81 | BC19: =(AU19-AS19)/AS19 -> 0.037999598 | BD19: =AV19-BC19 -> 4.0238422e-07
C20: (방송사업매출액) | E20: ='1. 요약재무제표'!O20 -> 333966.8 | G20: =AA20 -> 325005.55 | H20: =(G20-E20)/E20 -> -0.026832772 | I20: =AB20 -> 318449.85 | J20: =(I20-G20)/G20 -> -0.020171013 | K20: =AC20 -> 314768.82 | L20: =(K20-I20)/I20 -> -0.011559226 | M20: =AD20 -> 312593.36 | N20: =(M20-K20)/K20 -> -0.0069113069 | O20: =AE20 -> 311278.87 | P20: =(O20-M20)/M20 -> -0.0042051098 | Q20: =AF20 -> 310422.04 | R20: =(Q20-O20)/O20 -> -0.0027525921 | S20: =AG20 -> 310012.32 | T20: =(S20-Q20)/Q20 -> -0.0013198853 | U20: 데이터홈쇼핑 및 TV홈쇼핑 수수료매출, 광고매출 | W20: ='9. 추정 IS'!G37+'9. 추정 IS'!G38 -> 367350 | X20: ='9. 추정 IS'!H37+'9. 추정 IS'!H38 -> 346760.93 | Y20: ='9. 추정 IS'!I37+'9. 추정 IS'!I38 -> 311281.54 | Z20: ='9. 추정 IS'!J37+'9. 추정 IS'!J38 -> 333966.8 | AA20: ='9. 추정 IS'!K37+'9. 추정 IS'!K38 -> 325005.55 | AB20: ='9. 추정 IS'!L37+'9. 추정 IS'!L38 -> 318449.85 | AC20: ='9. 추정 IS'!M37+'9. 추정 IS'!M38 -> 314768.82 | AD20: ='9. 추정 IS'!N37+'9. 추정 IS'!N38 -> 312593.36 | ... AG20: ='9. 추정 IS'!Q37+'9. 추정 IS'!Q38 -> 310012.32 | AI20: 계산서 | AK20: 방송사업매출액 | AM20: 346721 | AN20: -0.059 | AO20: 343448 | AP20: -0.009 | AQ20: 341483 | AR20: -0.006 | AS20: 339766 | AT20: -0.005 | AU20: 321998 | AV20: -0.052 | AX20: =#REF!-AM20 -> #REF! | AY20: =#REF!-AO20 -> #REF! | AZ20: =#REF!-AQ20 -> #REF! | BA20: =#REF!-AS20 -> #REF! | BB20: =E20-AU20 -> 11968.8 | BC20: =(AU20-AS20)/AS20 -> -0.052294815 | BD20: =AV20-BC20 -> 0.00029481467
C21: (방송상품매출액) | E21: ='1. 요약재무제표'!O21 -> 84255.337 | G21: =AA21 -> 85121.529 | H21: =(G21-E21)/E21 -> 0.01028056 | I21: =AB21 -> 85270.654 | J21: =(I21-G21)/G21 -> 0.0017519006 | K21: =AC21 -> 84797.963 | L21: =(K21-I21)/I21 -> -0.0055434145 | M21: =AD21 -> 83980.465 | N21: =(M21-K21)/K21 -> -0.0096405463 | O21: =AE21 -> 82931.454 | P21: =(O21-M21)/M21 -> -0.012491127 | Q21: =AF21 -> 81708.289 | R21: =(Q21-O21)/O21 -> -0.014749111 | S21: =AG21 -> 80343.91 | T21: =(S21-Q21)/Q21 -> -0.016698164 | U21: 데이터홈쇼핑 및 TV홈쇼핑 상품매출(직매입) | W21: ='9. 추정 IS'!G31+'9. 추정 IS'!G32 -> 106344 | X21: ='9. 추정 IS'!H31+'9. 추정 IS'!H32 -> 89694.981 | Y21: ='9. 추정 IS'!I31+'9. 추정 IS'!I32 -> 76110.235 | Z21: ='9. 추정 IS'!J31+'9. 추정 IS'!J32 -> 84255.337 | AA21: ='9. 추정 IS'!K31+'9. 추정 IS'!K32 -> 85121.529 | AB21: ='9. 추정 IS'!L31+'9. 추정 IS'!L32 -> 85270.654 | AC21: ='9. 추정 IS'!M31+'9. 추정 IS'!M32 -> 84797.963 | AD21: ='9. 추정 IS'!N31+'9. 추정 IS'!N32 -> 83980.465 | ... AG21: ='9. 추정 IS'!Q31+'9. 추정 IS'!Q32 -> 80343.91 | AK21: 방송상품매출액 | AM21: 152786 | AN21: 0.451 | AO21: 183471 | AP21: 0.201 | AQ21: 200122 | AR21: 0.091 | AS21: 211276 | AT21: 0.056 | AU21: 218975 | AV21: 0.036 | AX21: =#REF!-AM21 -> #REF! | AY21: =#REF!-AO21 -> #REF! | AZ21: =#REF!-AQ21 -> #REF! | BA21: =#REF!-AS21 -> #REF! | BB21: =E21-AU21 -> -134719.66 | BC21: =(AU21-AS21)/AS21 -> 0.036440485 | BD21: =AV21-BC21 -> -0.00044048543
C22: (기타사업매출액) | E22: =SUM(E23:E25) -> 630888.05 | G22: =SUM(G23:G25) -> 649894.35 | H22: =(G22-E22)/E22 -> 0.030126257 | I22: =SUM(I23:I25) -> 650649.89 | J22: =(I22-G22)/G22 -> 0.0011625647 | K22: =SUM(K23:K25) -> 649212.01 | L22: =(K22-I22)/I22 -> -0.0022099198 | M22: =SUM(M23:M25) -> 646672.15 | N22: =(M22-K22)/K22 -> -0.0039122186 | O22: =SUM(O23:O25) -> 644169.55 | P22: =(O22-M22)/M22 -> -0.0038699584 | Q22: =SUM(Q23:Q25) -> 642444.52 | R22: =(Q22-O22)/O22 -> -0.00267791 | S22: =SUM(S23:S25) -> 641634.55 | T22: =(S22-Q22)/Q22 -> -0.0012607628 | AK22: 기타사업매출액 | AM22: 804673 | AN22: 0.098 | AO22: 884204 | AP22: 0.099 | AQ22: 947128 | AR22: 0.071 | AS22: 1004685 | AT22: 0.061 | AU22: 1073871 | AV22: 0.069 | AX22: =#REF!-AM22 -> #REF! | AY22: =#REF!-AO22 -> #REF! | AZ22: =#REF!-AQ22 -> #REF! | BA22: =#REF!-AS22 -> #REF! | BB22: =E22-AU22 -> -442982.95 | BC22: =(AU22-AS22)/AS22 -> 0.068863375 | BD22: =AV22-BC22 -> 0.00013662491
D23: [카탈로그매출액] | E23: ='1. 요약재무제표'!O23 -> 0 | G23: =AA23 -> 0 | I23: =AB23 -> 0 | K23: =AC23 -> 0 | M23: =AD23 -> 0 | O23: =AE23 -> 0 | Q23: =AF23 -> 0 | S23: =AG23 -> 0 | W23: ='9. 추정 IS'!G28 -> 0 | X23: ='9. 추정 IS'!H28 -> 0 | Y23: ='9. 추정 IS'!I28 -> 0 | Z23: ='9. 추정 IS'!J28 -> 0 | AA23: ='9. 추정 IS'!K28 -> 0 | AB23: ='9. 추정 IS'!L28 -> 0 | AC23: ='9. 추정 IS'!M28 -> 0 | AD23: ='9. 추정 IS'!N28 -> 0 | ... AG23: ='9. 추정 IS'!Q28 -> 0 | AL23: 카탈로그매출액 | AM23: 0 | AO23: 0 | AQ23: 0 | AS23: 0 | AU23: 0 | AX23: =#REF!-AM23 -> #REF! | AY23: =#REF!-AO23 -> #REF! | AZ23: =#REF!-AQ23 -> #REF! | BA23: =#REF!-AS23 -> #REF! | BB23: =E23-AU23 -> 0 | BC23: =(AU23-AS23)/AS23 -> #DIV/0! | BD23: =AV23-BC23 -> #DIV/0!
D24: [모바일인터넷매출액] | E24: ='1. 요약재무제표'!O24 -> 611356.65 | G24: =AA24 -> 623450.73 | H24: =(G24-E24)/E24 -> 0.019782368 | I24: =AB24 -> 629155.51 | J24: =(I24-G24)/G24 -> 0.0091503398 | K24: =AC24 -> 630491.07 | L24: =(K24-I24)/I24 -> 0.0021227803 | M24: =AD24 -> 629598.38 | N24: =(M24-K24)/K24 -> -0.0014158638 | O24: =AE24 -> 628112.58 | P24: =(O24-M24)/M24 -> -0.0023599287 | Q24: =AF24 -> 627031.54 | R24: =(Q24-O24)/O24 -> -0.0017210887 | S24: =AG24 -> 626636.48 | T24: =(S24-Q24)/Q24 -> -0.00063004311 | W24: ='9. 추정 IS'!G27 -> 732689 | X24: ='9. 추정 IS'!H27 -> 675496.46 | Y24: ='9. 추정 IS'!I27 -> 648115.45 | Z24: ='9. 추정 IS'!J27 -> 611356.65 | AA24: ='9. 추정 IS'!K27 -> 623450.73 | AB24: ='9. 추정 IS'!L27 -> 629155.51 | AC24: ='9. 추정 IS'!M27 -> 630491.07 | AD24: ='9. 추정 IS'!N27 -> 629598.38 | ... AG24: ='9. 추정 IS'!Q27 -> 626636.48 | AL24: 모바일/온라인매출액 | AM24: 763873 | AN24: 0.109 | AO24: 847477 | AP24: 0.109 | AQ24: 916207 | AR24: 0.081 | AS24: 980551 | AT24: 0.07 | AU24: 1065797 | AV24: 0.087 | AX24: =#REF!-AM24 -> #REF! | AY24: =#REF!-AO24 -> #REF! | AZ24: =#REF!-AQ24 -> #REF! | BA24: =#REF!-AS24 -> #REF! | BB24: =E24-AU24 -> -454440.35 | BC24: =(AU24-AS24)/AS24 -> 0.086936834 | BD24: =AV24-BC24 -> 6.3165506e-05
D25: [기타매출액] | E25: ='1. 요약재무제표'!O25 -> 19531.404 | G25: =AA25 -> 26443.617 | H25: =(G25-E25)/E25 -> 0.35390255 | I25: =AB25 -> 21494.376 | J25: =(I25-G25)/G25 -> -0.18716206 | K25: =AC25 -> 18720.933 | L25: =(K25-I25)/I25 -> -0.1290311 | M25: =AD25 -> 17073.763 | N25: =(M25-K25)/K25 -> -0.087985456 | O25: =AE25 -> 16056.976 | P25: =(O25-M25)/M25 -> -0.059552602 | Q25: =AF25 -> 15412.985 | R25: =(Q25-O25)/O25 -> -0.040106599 | S25: =AG25 -> 14998.072 | T25: =(S25-Q25)/Q25 -> -0.026919721 | W25: ='9. 추정 IS'!G29 -> 32932 | X25: ='9. 추정 IS'!H29 -> 19113.03 | Y25: ='9. 추정 IS'!I29 -> 16572.112 | Z25: ='9. 추정 IS'!J29 -> 19531.404 | AA25: ='9. 추정 IS'!K29 -> 26443.617 | AB25: ='9. 추정 IS'!L29 -> 21494.376 | AC25: ='9. 추정 IS'!M29 -> 18720.933 | AD25: ='9. 추정 IS'!N29 -> 17073.763 | ... AG25: ='9. 추정 IS'!Q29 -> 14998.072 | AL25: 기타매출액 | AM25: 40800 | AN25: -0.075 | AO25: 36727 | AP25: -0.1 | AQ25: 30921 | AR25: -0.158 | AS25: 24135 | AT25: -0.219 | AU25: 8074 | AV25: -0.665 | AX25: =#REF!-AM25 -> #REF! | AY25: =#REF!-AO25 -> #REF! | AZ25: =#REF!-AQ25 -> #REF! | BA25: =#REF!-AS25 -> #REF! | BB25: =E25-AU25 -> 11457.404 | BC25: =(AU25-AS25)/AS25 -> -0.66546509 | BD25: =AV25-BC25 -> 0.00046509219
C26: [2] 리테일부문 | E26: ='1. 요약재무제표'!O26 -> 10725534 | G26: =AA26 -> 10972582 | H26: =(G26-E26)/E26 -> 0.023033639 | I26: =AB26 -> 11162056 | J26: =(I26-G26)/G26 -> 0.017267977 | K26: =AC26 -> 11362310 | L26: =(K26-I26)/I26 -> 0.017940636 | M26: =AD26 -> 11583060 | N26: =(M26-K26)/K26 -> 0.019428231 | O26: =AE26 -> 11812051 | P26: =(O26-M26)/M26 -> 0.019769449 | Q26: =AF26 -> 12068916 | R26: =(Q26-O26)/O26 -> 0.02174601 | S26: =AG26 -> 12350845 | T26: =(S26-Q26)/Q26 -> 0.023359932 | W26: ='7-1. FS'!AD51 -> 9330023.1 | X26: ='7-1. FS'!AE51 -> 9755829.7 | Y26: ='7-1. FS'!AF51 -> 10325953 | Z26: ='7-1. FS'!AG51 -> 10725534 | AA26: ='7-1. FS'!AH51 -> 10972582 | AB26: ='7-1. FS'!AI51 -> 11162056 | AC26: ='7-1. FS'!AJ51 -> 11362310 | AD26: ='7-1. FS'!AK51 -> 11583060 | ... AG26: ='7-1. FS'!AN51 -> 12350845 | AK26: [2] GS리테일 | AM26: 8934808 | AO26: 10385196 | AP26: 0.162 | AQ26: 10967934 | AR26: 0.056 | AS26: 11651368 | AT26: 0.062 | AU26: 12267340 | AV26: 0.053 | AX26: =#REF!-AM26 -> #REF! | AY26: =#REF!-AO26 -> #REF! | AZ26: =#REF!-AQ26 -> #REF! | BA26: =#REF!-AS26 -> #REF! | BB26: =E26-AU26 -> -1541806.3 | BC26: =(AU26-AS26)/AS26 -> 0.052866925 | BD26: =AV26-BC26 -> 0.00013307485
B27: 매출원가 | E27: =E28+E29 -> 8902467.3 | G27: =G28+G29 -> 9008909.3 | H27: =(G27-E27)/E27 -> 0.011956454 | I27: =I28+I29 -> 9186266.5 | J27: =(I27-G27)/G27 -> 0.019686871 | K27: =K28+K29 -> 9371141.1 | L27: =(K27-I27)/I27 -> 0.020125107 | M27: =M28+M29 -> 9570388.4 | N27: =(M27-K27)/K27 -> 0.0212618 | O27: =O28+O29 -> 9763257.2 | P27: =(O27-M27)/M27 -> 0.020152661 | Q27: =Q28+Q29 -> 9977799.4 | R27: =(Q27-O27)/O27 -> 0.021974444 | S27: =S28+S29 -> 10211276 | T27: =(S27-Q27)/Q27 -> 0.023399607 | AJ27: 매출원가 | AM27: 7357110 | AN27: 35.619 | AO27: 8565286 | AP27: 0.164 | AQ27: 9097444 | AR27: 0.062 | AS27: 9732403 | AT27: 0.07 | AU27: 10368448 | AV27: 0.065 | AX27: =#REF!-AM27 -> #REF! | AY27: =#REF!-AO27 -> #REF! | AZ27: =#REF!-AQ27 -> #REF! | BA27: =#REF!-AS27 -> #REF! | BB27: =E27-AU27 -> -1465980.7 | BC27: =(AU27-AS27)/AS27 -> 0.065353336 | BD27: =AV27-BC27 -> -0.00035333566
C28: [1] 홈쇼핑부문 | E28: ='1. 요약재무제표'!O28 -> 139480.35 | G28: =AA28 -> 139521.17 | H28: =(G28-E28)/E28 -> 0.00029265563 | I28: =AB28 -> 142806.92 | J28: =(I28-G28)/G28 -> 0.023550244 | K28: =AC28 -> 146933.36 | L28: =(K28-I28)/I28 -> 0.028895173 | M28: =AD28 -> 149721.2 | N28: =(M28-K28)/K28 -> 0.018973563 | O28: =AE28 -> 152455.24 | P28: =(O28-M28)/M28 -> 0.018260866 | Q28: =AF28 -> 155104.04 | R28: =(Q28-O28)/O28 -> 0.017374252 | S28: =AG28 -> 157583.31 | T28: =(S28-Q28)/Q28 -> 0.015984589 | W28: ='7-1. FS'!AD53 -> 187896 | X28: ='7-1. FS'!AE53 -> 149269 | Y28: ='7-1. FS'!AF53 -> 119598 | Z28: ='7-1. FS'!AG53 -> 139480.35 | AA28: ='7-1. FS'!AH53 -> 139521.17 | AB28: ='7-1. FS'!AI53 -> 142806.92 | AC28: ='7-1. FS'!AJ53 -> 146933.36 | AD28: ='7-1. FS'!AK53 -> 149721.2 | ... AG28: ='7-1. FS'!AN53 -> 157583.31 | AK28: [1] GS홈쇼핑 | AM28: 291321 | AN28: 0.45 | AO28: 349585 | AP28: 0.2 | AQ28: 381048 | AR28: 0.09 | AS28: 402005 | AT28: 0.055 | AU28: 416076 | AV28: 0.035 | AX28: =#REF!-AM28 -> #REF! | AY28: =#REF!-AO28 -> #REF! | AZ28: =#REF!-AQ28 -> #REF! | BA28: =#REF!-AS28 -> #REF! | BB28: =E28-AU28 -> -276595.65 | BC28: =(AU28-AS28)/AS28 -> 0.035002052 | BD28: =AV28-BC28 -> -2.0522133e-06
C29: [2] 리테일부문 | E29: ='1. 요약재무제표'!O29 -> 8762987 | G29: =AA29 -> 8869388.1 | H29: =(G29-E29)/E29 -> 0.012142106 | I29: =AB29 -> 9043459.6 | J29: =(I29-G29)/G29 -> 0.019626098 | K29: =AC29 -> 9224207.7 | L29: =(K29-I29)/I29 -> 0.019986618 | M29: =AD29 -> 9420667.2 | N29: =(M29-K29)/K29 -> 0.02129825 | O29: =AE29 -> 9610802 | P29: =(O29-M29)/M29 -> 0.020182727 | Q29: =AF29 -> 9822695.3 | R29: =(Q29-O29)/O29 -> 0.022047417 | S29: =AG29 -> 10053693 | T29: =(S29-Q29)/Q29 -> 0.023516693 | W29: ='7-1. FS'!AD54 -> 7522688.4 | X29: ='7-1. FS'!AE54 -> 7836897.9 | Y29: ='7-1. FS'!AF54 -> 8333322 | Z29: ='7-1. FS'!AG54 -> 8671279 | AA29: ='7-1. FS'!AH54 -> 8869388.1 | AB29: ='7-1. FS'!AI54 -> 9043459.6 | AC29: ='7-1. FS'!AJ54 -> 9224207.7 | AD29: ='7-1. FS'!AK54 -> 9420667.2 | ... AG29: ='7-1. FS'!AN54 -> 10053693 | AK29: [2] GS리테일 | AM29: 7101563 | AO29: 8261953 | AP29: 0.163 | AQ29: 8715671 | AR29: 0.055 | AS29: 9237093 | AT29: 0.06 | AU29: 9697193 | AV29: 0.05 | AX29: =#REF!-AM29 -> #REF! | AY29: =#REF!-AO29 -> #REF! | AZ29: =#REF!-AQ29 -> #REF! | BA29: =#REF!-AS29 -> #REF! | BB29: =E29-AU29 -> -934206.03 | BC29: =(AU29-AS29)/AS29 -> 0.049810043 | BD29: =AV29-BC29 -> 0.00018995695
B30: 매출총이익 | E30: =E18-E27 -> 2872176.6 | G30: =G18-G27 -> 3023693.9 | H30: =(G30-E30)/E30 -> 0.052753498 | I30: =I18-I27 -> 3030160 | J30: =(I30-G30)/G30 -> 0.0021384552 | K30: =K18-K27 -> 3039948.1 | L30: =(K30-I30)/I30 -> 0.0032302511 | M30: =M18-M27 -> 3055917.6 | N30: =(M30-K30)/K30 -> 0.0052531952 | O30: =O18-O27 -> 3087173.4 | P30: =(O30-M30)/M30 -> 0.01022797 | Q30: =Q18-Q27 -> 3125691.2 | R30: =(Q30-O30)/O30 -> 0.012476721 | S30: =S18-S27 -> 3171559.6 | T30: =(S30-Q30)/Q30 -> 0.014674642 | AJ30: 매출총이익 | AM30: 2884675 | AN30: 1.868 | AO30: 3278847 | AP30: 0.137 | AQ30: 3556666 | AR30: 0.085 | AS30: 3932368 | AT30: 0.106 | AU30: 4400617 | AV30: 0.119 | AX30: =#REF!-AM30 -> #REF! | AY30: =#REF!-AO30 -> #REF! | AZ30: =#REF!-AQ30 -> #REF! | BA30: =#REF!-AS30 -> #REF! | BB30: =E30-AU30 -> -1528440.4 | BC30: =(AU30-AS30)/AS30 -> 0.11907558 | BD30: =AV30-BC30 -> -7.5579905e-05
B31: 판매비와관리비 | E31: =E32+E34 -> 2582279.8 | G31: =G32+G34 -> 2751529.7 | H31: =(G31-E31)/E31 -> 0.065542787 | I31: =I32+I34 -> 2760667.9 | J31: =(I31-G31)/G31 -> 0.0033211659 | K31: =K32+K34 -> 2775048.8 | L31: =(K31-I31)/I31 -> 0.0052091959 | M31: =M32+M34 -> 2785326.3 | N31: =(M31-K31)/K31 -> 0.003703521 | O31: =O32+O34 -> 2807739.9 | P31: =(O31-M31)/M31 -> 0.00804706 | Q31: =Q32+Q34 -> 2835757 | R31: =(Q31-O31)/O31 -> 0.0099785178 | S31: =S32+S34 -> 2870167.2 | T31: =(S31-Q31)/Q31 -> 0.012134393 | U31: 매출채권및기타채권 손상차손(환입) 금액 포함 합산표시 | AJ31: 판매비와관리비 | AM31: 2536703 | AN31: 1.992 | AO31: 2841242 | AP31: 0.12 | AQ31: 3073654 | AR31: 0.082 | AS31: 3360919 | AT31: 0.093 | AU31: 3725290 | AV31: 0.108 | AX31: =#REF!-AM31 -> #REF! | AY31: =#REF!-AO31 -> #REF! | AZ31: =#REF!-AQ31 -> #REF! | BA31: =#REF!-AS31 -> #REF! | BB31: =E31-AU31 -> -1143010.2 | BC31: =(AU31-AS31)/AS31 -> 0.1084141 | BD31: =AV31-BC31 -> -0.00041409745
C32: [1] 홈쇼핑부문 | E32: ='1. 요약재무제표'!O32 -> 816617.22 | G32: =AA32 -> 829142.22 | H32: =(G32-E32)/E32 -> 0.015337663 | I32: =AB32 -> 824539.05 | J32: =(I32-G32)/G32 -> -0.0055517286 | K32: =AC32 -> 818965.03 | L32: =(K32-I32)/I32 -> -0.0067601648 | M32: =AD32 -> 813832.07 | N32: =(M32-K32)/K32 -> -0.0062676225 | O32: =AE32 -> 808553.08 | P32: =(O32-M32)/M32 -> -0.0064865795 | Q32: =AF32 -> 803616.36 | R32: =(Q32-O32)/O32 -> -0.0061056273 | S32: =AG32 -> 799304.05 | T32: =(S32-Q32)/Q32 -> -0.0053661301 | W32: ='7-1. FS'!AD57 -> 908849 | X32: ='7-1. FS'!AE57 -> 864887 | Y32: ='7-1. FS'!AF57 -> 825389 | Z32: ='7-1. FS'!AG57 -> 816617.2 | AA32: ='7-1. FS'!AH57 -> 829142.22 | AB32: ='7-1. FS'!AI57 -> 824539.05 | AC32: ='7-1. FS'!AJ57 -> 818965.03 | AD32: ='7-1. FS'!AK57 -> 813832.07 | ... AG32: ='7-1. FS'!AN57 -> 799304.05 | AK32: [1] GS홈쇼핑 | AM32: 882479 | AN32: 0.041 | AO32: 928750 | AP32: 0.052 | AQ32: 974165 | AR32: 0.049 | AS32: 1018702 | AT32: 0.046 | AU32: 1062835 | AV32: 0.043 | AX32: =#REF!-AM32 -> #REF! | AY32: =#REF!-AO32 -> #REF! | AZ32: =#REF!-AQ32 -> #REF! | BA32: =#REF!-AS32 -> #REF! | BB32: =E32-AU32 -> -246217.78 | BC32: =(AU32-AS32)/AS32 -> 0.043322777 | BD32: =AV32-BC32 -> -0.00032277742
C33: (홈쇼핑부문 인건비) | E33: ='1. 요약재무제표'!O33 -> 85905.775 | G33: =AA33 -> 91464.317 | H33: =(G33-E33)/E33 -> 0.064705097 | I33: =AB33 -> 94208.246 | J33: =(I33-G33)/G33 -> 0.03 | K33: =AC33 -> 97034.493 | L33: =(K33-I33)/I33 -> 0.03 | M33: =AD33 -> 99945.528 | N33: =(M33-K33)/K33 -> 0.03 | O33: =AE33 -> 102943.89 | P33: =(O33-M33)/M33 -> 0.03 | Q33: =AF33 -> 106032.21 | R33: =(Q33-O33)/O33 -> 0.03 | S33: =AG33 -> 109213.18 | T33: =(S33-Q33)/Q33 -> 0.03 | W33: ='7-1. FS'!AD58 -> 74094 | X33: ='7-1. FS'!AE58 -> 82590 | Y33: ='7-1. FS'!AF58 -> 84194 | Z33: ='7-1. FS'!AG58 -> 85905.775 | AA33: ='7-1. FS'!AH58 -> 91464.317 | AB33: ='7-1. FS'!AI58 -> 94208.246 | AC33: ='7-1. FS'!AJ58 -> 97034.493 | AD33: ='7-1. FS'!AK58 -> 99945.528 | ... AG33: ='7-1. FS'!AN58 -> 109213.18 | AL33: 인건비 | AM33: 106521 | AN33: 0.018 | AO33: 113287 | AP33: 0.064 | AQ33: 119926 | AR33: 0.059 | AS33: 125645 | AT33: 0.048 | AU33: 131691 | AV33: 0.048 | AX33: =#REF!-AM33 -> #REF! | AY33: =#REF!-AO33 -> #REF! | AZ33: =#REF!-AQ33 -> #REF! | BA33: =#REF!-AS33 -> #REF! | BB33: =E33-AU33 -> -45785.225 | BC33: =(AU33-AS33)/AS33 -> 0.048119702 | BD33: =AV33-BC33 -> -0.00011970234
C34: [2] 리테일부문 | E34: ='1. 요약재무제표'!O34 -> 1765662.6 | G34: =AA34 -> 1922387.4 | H34: =(G34-E34)/E34 -> 0.088762607 | I34: =AB34 -> 1936128.9 | J34: =(I34-G34)/G34 -> 0.0071481216 | K34: =AC34 -> 1956083.8 | L34: =(K34-I34)/I34 -> 0.010306587 | M34: =AD34 -> 1971494.2 | N34: =(M34-K34)/K34 -> 0.0078781979 | O34: =AE34 -> 1999186.9 | P34: =(O34-M34)/M34 -> 0.014046541 | Q34: =AF34 -> 2032140.7 | R34: =(Q34-O34)/O34 -> 0.016483605 | S34: =AG34 -> 2070863.2 | T34: =(S34-Q34)/Q34 -> 0.019055029 | W34: ='7-1. FS'!AD72 -> 1693492 | X34: ='7-1. FS'!AE72 -> 1720859.2 | Y34: ='7-1. FS'!AF72 -> 1847088.6 | Z34: ='7-1. FS'!AG72 -> 1857371 | AA34: ='7-1. FS'!AH72 -> 1922387.4 | AB34: ='7-1. FS'!AI72 -> 1936128.9 | AC34: ='7-1. FS'!AJ72 -> 1956083.8 | AD34: ='7-1. FS'!AK72 -> 1971494.2 | ... AG34: ='7-1. FS'!AN72 -> 2070863.2 | AK34: [2] GS리테일 | AM34: 1615204 | AO34: 1815321 | AP34: 0.124 | AQ34: 1895511 | AR34: 0.044 | AS34: 2016765 | AT34: 0.064 | AU34: 2132871 | AV34: 0.058 | AX34: =#REF!-AM34 -> #REF! | AY34: =#REF!-AO34 -> #REF! | AZ34: =#REF!-AQ34 -> #REF! | BA34: =#REF!-AS34 -> #REF! | BB34: =E34-AU34 -> -367208.38 | BC34: =(AU34-AS34)/AS34 -> 0.057570416 | BD34: =AV34-BC34 -> 0.00042958401
B35: 영업손익 | E35: =E30-E31 -> 289896.72 | G35: =G30-G31 -> 272164.26 | H35: =(G35-E35)/E35 -> -0.061168189 | I35: =I30-I31 -> 269492.01 | J35: =(I35-G35)/G35 -> -0.0098185287 | K35: =K30-K31 -> 264899.33 | L35: =(K35-I35)/I35 -> -0.017042 | M35: =M30-M31 -> 270591.32 | N35: =(M35-K35)/K35 -> 0.021487368 | O35: =O30-O31 -> 279433.46 | P35: =(O35-M35)/M35 -> 0.03267712 | Q35: =Q30-Q31 -> 289934.18 | R35: =(Q35-O35)/O35 -> 0.037578605 | S35: =S30-S31 -> 301392.39 | T35: =(S35-Q35)/Q35 -> 0.039520041 | AJ35: 영업손익 | AM35: 347972 | AN35: 1.204 | AO35: 437605 | AP35: 0.258 | AQ35: 483012 | AR35: 0.104 | AS35: 571449 | AT35: 0.183 | AU35: 675327 | AV35: 0.182 | AX35: =#REF!-AM35 -> #REF! | AY35: =#REF!-AO35 -> #REF! | AZ35: =#REF!-AQ35 -> #REF! | BA35: =#REF!-AS35 -> #REF! | BB35: =E35-AU35 -> -385430.28 | BC35: =(AU35-AS35)/AS35 -> 0.18178 | BD35: =AV35-BC35 -> 0.00021999864
C36: [1] 홈쇼핑부문 | E36: =E19-E28-E32 -> 93012.619 | G36: =G19-G28-G32 -> 91358.031 | H36: =(G36-E36)/E36 -> -0.017788846 | I36: =I19-I28-I32 -> 87024.424 | J36: =(I36-G36)/G36 -> -0.047435427 | K36: =K19-K28-K32 -> 82880.405 | L36: =(K36-I36)/I36 -> -0.047619037 | M36: =M19-M28-M32 -> 79692.697 | N36: =(M36-K36)/K36 -> -0.038461533 | O36: =O19-O28-O32 -> 77371.551 | P36: =(O36-M36)/M36 -> -0.029126216 | Q36: =Q19-Q28-Q32 -> 75854.462 | R36: =(Q36-O36)/O36 -> -0.019607843 | S36: =S19-S28-S32 -> 75103.427 | T36: =(S36-Q36)/Q36 -> -0.0099009931
C37: [2] 리테일부문 | E37: =E26-E29-E34 -> 196884.1 | G37: =G26-G29-G34 -> 180806.23 | H37: =(G37-E37)/E37 -> -0.081661598 | I37: =I26-I29-I34 -> 182467.59 | J37: =(I37-G37)/G37 -> 0.0091885915 | K37: =K26-K29-K34 -> 182018.92 | L37: =(K37-I37)/I37 -> -0.0024588665 | M37: =M26-M29-M34 -> 190898.62 | N37: =(M37-K37)/K37 -> 0.048784471 | O37: =O26-O29-O34 -> 202061.91 | P37: =(O37-M37)/M37 -> 0.058477592 | Q37: =Q26-Q29-Q34 -> 214079.72 | R37: =(Q37-O37)/O37 -> 0.059475874 | S37: =S26-S29-S34 -> 226288.96 | T37: =(S37-Q37)/Q37 -> 0.057031302
B38: 당기순손익 | E38: ='1. 요약재무제표'!O38 -> 84116.793 | G38: =AA38 -> 143282.28 | H38: =(G38-E38)/E38 -> 0.70337311 | I38: =AB38 -> 170841.24 | J38: =(I38-G38)/G38 -> 0.19234032 | K38: =AC38 -> 169883.72 | L38: =(K38-I38)/I38 -> -0.0056047657 | M38: =AD38 -> 170937.61 | N38: =(M38-K38)/K38 -> 0.0062036252 | O38: =AE38 -> 183016.09 | P38: =(O38-M38)/M38 -> 0.070660162 | Q38: =AF38 -> 188603.32 | R38: =(Q38-O38)/O38 -> 0.030528594 | S38: =AG38 -> 197161.86 | T38: =(S38-Q38)/Q38 -> 0.045378545 | W38: ='7-1. FS'!AD84 -> 70312.077 | X38: ='7-1. FS'!AE84 -> 35030.456 | Y38: ='7-1. FS'!AF84 -> -60803.697 | Z38: ='7-1. FS'!AG84 -> 84116.796 | AA38: ='7-1. FS'!AH84 -> 143282.28 | AB38: ='7-1. FS'!AI84 -> 170841.24 | AC38: ='7-1. FS'!AJ84 -> 169883.72 | AD38: ='7-1. FS'!AK84 -> 170937.61 | ... AG38: ='7-1. FS'!AN84 -> 197161.86 | AJ38: 당기순손익 | AM38: 255842 | AN38: 0.985 | AO38: 361692 | AP38: 0.414 | AQ38: 383170 | AR38: 0.059 | AS38: 457961 | AT38: 0.195 | AU38: 534359 | AV38: 0.167 | AX38: =#REF!-AM38 -> #REF! | AY38: =#REF!-AO38 -> #REF! | AZ38: =#REF!-AQ38 -> #REF! | BA38: =#REF!-AS38 -> #REF! | BB38: =E38-AU38 -> -450242.21 | BC38: =(AU38-AS38)/AS38 -> 0.16682207 | BD38: =AV38-BC38 -> 0.00017793437
A39: 재무비율 | B39: 유동비율 | E39: =E7/E10 -> 0.96733882 | G39: =G7/G10 -> 0.96459292 | I39: =I7/I10 -> 1.1511593 | K39: =K7/K10 -> 1.2071623 | M39: =M7/M10 -> 1.2052446 | O39: =O7/O10 -> 1.2112654 | Q39: =Q7/Q10 -> 1.2153032 | S39: =S7/S10 -> 1.2206218 | U39: 유동자산/유동부채 | AI39: 재무 | AJ39: 유동비율 | AM39: 1.358 | AO39: 1.245 | AQ39: 1.346 | AS39: 1.441 | AU39: 1.517
B40: 부채비율 | E40: =E9/E12 -> 1.1417299 | G40: =G9/G12 -> 1.0652455 | I40: =I9/I12 -> 1.0174316 | K40: =K9/K12 -> 0.97867542 | M40: =M9/M12 -> 0.94543592 | O40: =O9/O12 -> 0.91297507 | Q40: =Q9/Q12 -> 0.88371359 | S40: =S9/S12 -> 0.85638144 | U40: 부채총계/자본총계 | AI40: 비율 | AJ40: 부채비율 | AM40: 0.911 | AO40: 0.849 | AQ40: 0.789 | AS40: 0.745 | AU40: 0.673
B41: 자기자본이익률 | G41: =G38/AVERAGE(E12,G12) -> 0.042367105 | I41: =I38/AVERAGE(G12,I12) -> 0.048873641 | K41: =K38/AVERAGE(I12,K12) -> 0.047149214 | M41: =M38/AVERAGE(K12,M12) -> 0.046132347 | O41: =O38/AVERAGE(M12,O12) -> 0.047982987 | Q41: =Q38/AVERAGE(O12,Q12) -> 0.048000359 | S41: =S38/AVERAGE(Q12,S12) -> 0.048708816 | U41: 당기순이익/평균자본총계 | AJ41: 자기자본이익률 | AM41: 0.102 | AO41: 0.093 | AQ41: 0.092 | AS41: 0.101 | AU41: 0.108
B42: 매출액영업이익률 | E42: =E35/E18 -> 0.024620424 | G42: =G35/G18 -> 0.022618901 | I42: =I35/I18 -> 0.022059807 | K42: =K35/K18 -> 0.021343761 | M42: =M35/M18 -> 0.021430759 | O42: =O35/O18 -> 0.021745066 | Q42: =Q35/Q18 -> 0.022126484 | S42: =S35/S18 -> 0.022520817 | U42: 영업이익/매출액 | AJ42: 매출액영업이익률 | AM42: 0.034 | AO42: 0.037 | AQ42: 0.038 | AS42: 0.042 | AU42: 0.046
B43: 총자본회전율 | G43: =G18/AVERAGE(E12,G12) -> 3.5579176 | I43: =I18/AVERAGE(G12,I12) -> 3.4948308 | K43: =K18/AVERAGE(I12,K12) -> 3.4445508 | M43: =M18/AVERAGE(K12,M12) -> 3.4075656 | O43: =O18/AVERAGE(M12,O12) -> 3.3691138 | Q43: =Q18/AVERAGE(O12,Q12) -> 3.334895 | S43: =S18/AVERAGE(Q12,S12) -> 3.3062281 | U43: 매출액/평균자본총계 | AJ43: 총자본회전율 | AM43: 4.102 | AO43: 3.051 | AQ43: 3.035 | AS43: 3.027 | AU43: 2.989
B44: 매출액증가율 | G44: =G18/E18-1 -> 0.021908034 | I44: =I18/G18-1 -> 0.015277099 | K44: =K18/I18-1 -> 0.015934511 | M44: =M18/K18-1 -> 0.017340684 | O44: =O18/M18-1 -> 0.017750609 | Q44: =Q18/O18-1 -> 0.019692722 | S44: =S18/Q18-1 -> 0.021318364 | U44: 당기 매출액/전기 매출액 - 1 | AJ44: 매출액증가율 | AM44: 7.487 | AO44: 0.156 | AQ44: 0.068 | AS44: 0.08 | AU44: 0.081
B45: 총자산증가율 | G45: =G6/E6-1 -> -0.003107023 | I45: =I6/G6-1 -> 0.0091014196 | K45: =K6/I6-1 -> 0.0088297748 | M45: =M6/K6-1 -> 0.01091682 | O45: =O6/M6-1 -> 0.013325316 | Q45: =Q6/O6-1 -> 0.01405981 | S45: =S6/Q6-1 -> 0.0155832 | U45: 당기 자산총계/전기 자산총계 - 1 | AJ45: 총자산증가율 | AM45: 3.584 | AO45: 0.038 | AQ45: 0.04 | AS45: 0.063 | AU45: 0.054
A46: ※ 2026~2032년 추정 계획 : 법인 기준으로 작성. 단, 추정 손익계산서는 홈쇼핑부문을 별도 구분회계함
E48: =E6-E9-E12 -> 0 | F48: =F6-F9-F12 -> 0 | G48: =G6-G9-G12 -> -2768 | H48: =H6-H9-H12 -> -0.0022551229 | I48: =I6-I9-I12 -> -2768 | J48: =J6-J9-J12 -> -0.01055916 | K48: =K6-K9-K12 -> -2768 | L48: =L6-L9-L12 -> -0.0091614985 | ... T48: =T6-T9-T12 -> -0.013604112

Sheet 3. 자금조달운영계획
A2: ■ 자금 조달 및 운영 계획
A4: - 자금 조달 계획
P5: (단위 : 백만원) | R5: [1] 영업활동 현금 유입
B6: 구분 | C6: 2020년 | D6: 2021년 | E6: 2022년 | F6: 2023년 | G6: 2024년 | H6: 2025년 | I6: 2026년 | J6: 2027년 | K6: 2028년 | L6: 2029년 | M6: 2030년 | N6: 2031년 | O6: 2032년 | P6: 합 계 | S6: 2020년 | T6: 2021년 | U6: 2022년 | V6: 2023년 | W6: 2024년 | X6: 2025년 | Y6: 2026년 | Z6: 2027년 | AA6: 2028년 | AB6: 2029년 | AC6: 2030년 | AD6: 2031년 | AE6: 2032년 | AH6: 구 분 | AI6: 2021 | AJ6: 2022 | AK6: 2023 | AL6: 2024 | AM6: 2025 | AN6: 2026 | AO6: 2027 | AP6: 2028 | AQ6: 2029 | AR6: 2030 | AS6: 2031 | AT6: 2032
B7: 영업활동에 의한 자금 조달 | C7: =S12 -> 1217308.2 | D7: =T12 -> 10662715 | E7: =U12 -> 10475956 | F7: =V12 -> 10797317 | G7: =W12 -> 11388866 | H7: =X12 -> 11778168 | I7: =Y12 -> 12060941 | J7: =Z12 -> 12230721 | ... O7: =AE12 -> 13375989 | P7: =SUM(I7:O7) -> 88661651 | R7: 매출액 | S7: ='7-1. FS'!AB49 -> 1206716 | T7: ='7-1. FS'!AC49 -> 9942393.7 | U7: ='7-1. FS'!AD49 -> 10569338 | V7: ='7-1. FS'!AE49 -> 10886895 | W7: ='7-1. FS'!AF49 -> 11378034 | X7: ='7-1. FS'!AG49 -> 11774644 | Y7: ='7-1. FS'!AH49 -> 12032603 | Z7: ='7-1. FS'!AI49 -> 12216426 | ... AE7: ='7-1. FS'!AN49 -> 13382836 | AH7: 영업활동에 의한 자금 조달 | AI7: 10340311 | AJ7: 11766617 | AK7: 12589017 | AL7: 13550355 | AM7: 14580053 | AN7: =D7-AI7 -> 322403.64 | AO7: =E7-AJ7 -> -1290660.9 | AP7: =F7-AK7 -> -1791699.7 | AQ7: =G7-AL7 -> -2161489 | AR7: =H7-AM7 -> -2801885.5 | AS7: =I7-AN7 -> 11738538 | AT7: =J7-AO7 -> 13521382
B8: 투자활동에 의한 자금 조달 | C8: =S50 -> 0 | D8: =T50 -> 17572.953 | E8: =U50 -> 0 | F8: =V50 -> 0 | G8: =W50 -> 0 | H8: =X50 -> 0 | I8: =Y50 -> 0 | J8: =Z50 -> 0 | ... O8: =AE50 -> 0 | P8: =SUM(I8:O8) -> 0 | R8: 영업외수익 | S8: =MAX('7-1. FS'!AB74+'7-1. FS'!AB77,0) -> 12559 | T8: =MAX('7-1. FS'!AC74+'7-1. FS'!AC77,0) -> 740901.81 | U8: =MAX('7-1. FS'!AD74+'7-1. FS'!AD77,0) -> 0 | V8: =MAX('7-1. FS'!AE74+'7-1. FS'!AE77,0) -> 0 | W8: =MAX('7-1. FS'!AF74+'7-1. FS'!AF77,0) -> 0 | X8: =MAX('7-1. FS'!AG74+'7-1. FS'!AG77,0) -> 0 | Y8: =MAX('7-1. FS'!AH74+'7-1. FS'!AH77,0) -> 0 | Z8: =MAX('7-1. FS'!AI74+'7-1. FS'!AI77,0) -> 0 | ... AE8: =MAX('7-1. FS'!AN74+'7-1. FS'!AN77,0) -> 0 | AH8: 투자활동에 의한 | AI8: - | AJ8: - | AK8: - | AL8: - | AM8: -
B9: 재무활동에 의한 자금 조달 | C9: 0 | D9: 0 | E9: 0 | F9: 0 | G9: 0 | H9: 0 | I9: 0 | J9: 0 | K9: 0 | L9: 0 | M9: 0 | N9: 0 | O9: 0 | P9: =SUM(I9:O9) -> 0 | R9: 기타수익차감 | S9: =-'7-1. FS'!AB96 -> -6602.7304 | T9: =-'7-1. FS'!AC96 -> -45464.46 | U9: =-'7-1. FS'!AD96 -> -15276.73 | V9: =-'7-1. FS'!AE96 -> -2133.0977 | W9: =-'7-1. FS'!AF96 -> -13254.543 | X9: =-'7-1. FS'!AG96 -> -15296 | AH9: 자금 조달
B10: 합계 | C10: =SUM(C7:C9) -> 1217308.2 | D10: =SUM(D7:D9) -> 10680288 | E10: =SUM(E7:E9) -> 10475956 | F10: =SUM(F7:F9) -> 10797317 | G10: =SUM(G7:G9) -> 11388866 | H10: =SUM(H7:H9) -> 11778168 | I10: =SUM(I7:I9) -> 12060941 | J10: =SUM(J7:J9) -> 12230721 | ... P10: =SUM(P7:P9) -> 88661651 | R10: 매출채권 변동 | S10: ='7-1. FS'!AB100+'7-1. FS'!AB101 -> 4635.9567 | T10: ='7-1. FS'!AC100+'7-1. FS'!AC101 -> 24883.567 | U10: ='7-1. FS'!AD100+'7-1. FS'!AD101 -> -78105.273 | V10: ='7-1. FS'!AE100+'7-1. FS'!AE101 -> -87444.327 | W10: ='7-1. FS'!AF100+'7-1. FS'!AF101 -> 24086.513 | X10: ='7-1. FS'!AG100+'7-1. FS'!AG101 -> 18819.313 | Y10: ='7-1. FS'!AH100+'7-1. FS'!AH101 -> 28338.151 | Z10: ='7-1. FS'!AI100+'7-1. FS'!AI101 -> 14294.349 | ... AE10: ='7-1. FS'!AN100+'7-1. FS'!AN101 -> -6846.8344 | AH10: 재무활동에 의한 자금 조달 | AI10: - | AJ10: - | AK10: - | AL10: - | AM10: -
B11: ※ 영업활동에 의한 자금 조달 : 추정 매출액, 영업외수익, 매출채권 변동 | AH11: 합병에 의한 | AI11: 17573 | AJ11: - | AK11: - | AL11: - | AM11: -
S12: =SUM(S7:S10) -> 1217308.2 | T12: =SUM(T7:T10) -> 10662715 | U12: =SUM(U7:U10) -> 10475956 | V12: =SUM(V7:V10) -> 10797317 | W12: =SUM(W7:W10) -> 11388866 | X12: =SUM(X7:X10) -> 11778168 | Y12: =SUM(Y7:Y10) -> 12060941 | Z12: =SUM(Z7:Z10) -> 12230721 | ... AE12: =SUM(AE7:AE10) -> 13375989 | AH12: 자금 조달
AH13: 합 계 | AI13: 10357884 | AJ13: 11766617 | AK13: 12589017 | AL13: 13550355 | AM13: 14580053 | AN13: =D10-AI13 -> 322403.6 | AO13: =E10-AJ13 -> -1290660.9 | AP13: =F10-AK13 -> -1791699.7 | AQ13: =G10-AL13 -> -2161489 | AR13: =H10-AM13 -> -2801885.5
A14: - 자금 운영 계획 | Y14: =Y7 -> 12032603
P15: (단위 : 백만원) | Y15: =Y19+Y20 -> -11760439
B16: 구분 | C16: 2020년 | D16: 2021년 | E16: 2022년 | F16: 2023년 | G16: 2024년 | H16: 2025년 | I16: 2026년 | J16: 2027년 | K16: 2028년 | L16: 2029년 | M16: 2030년 | N16: 2031년 | O16: 2032년 | P16: 합 계 | Y16: =Y22 -> -77213.904 | Z16: =Y14+Y15+Y16+Y17-'7-1. FS'!AH91 -> 6533.099 | AH16: 구 분 | AI16: 2021 | AJ16: 2022 | AK16: 2023 | AL16: 2024 | AM16: 2025
B17: 영업활동에 의한 자금 운영 | C17: =-S30 -> 1036861.1 | D17: =-T30 -> 10331538 | E17: =-U30 -> 10158125 | F17: =-V30 -> 10261296 | G17: =-W30 -> 11203215 | H17: =-X30 -> 11054067 | I17: =-Y30 -> 11399699 | J17: =-Z30 -> 11508221 | ... O17: =-AE30 -> 12590659 | P17: =SUM(I17:O17) -> 83529596 | R17: [2] 영업활동 현금 유출 | Y17: =Y23 -> -45134.977 | AH17: 영업활동에 의한 자금 운영 | AI17: 9465736 | AJ17: 11105251 | AK17: 11760084 | AL17: 12670014 | AM17: 13753773 | AN17: =D17-AI17 -> 865801.59 | AO17: =E17-AJ17 -> -947125.75 | AP17: =F17-AK17 -> -1498788 | AQ17: =G17-AL17 -> -1466799.4 | AR17: =H17-AM17 -> -2699705.9
B18: 투자활동에 의한 자금 운영 | C18: =-S38 -> 238544.09 | D18: =-T38 -> 1159011 | E18: =-U38 -> 225672.76 | F18: =-V38 -> 491491.22 | G18: =-W38 -> 341442.55 | H18: =-X38 -> 243187.91 | I18: =-Y38 -> 691586.62 | J18: =-Z38 -> 541930.58 | ... O18: =-AE38 -> 617947.73 | P18: =SUM(I18:O18) -> 4160663.6 | S18: 2020년 | T18: 2021년 | U18: 2022년 | V18: 2023년 | W18: 2024년 | X18: 2025년 | Y18: 2026년 | Z18: 2027년 | AA18: 2028년 | AB18: 2029년 | AC18: 2030년 | AD18: 2031년 | AE18: 2032년 | AH18: 투자활동에 의한 | AI18: 285991 | AJ18: 686767 | AK18: 682559 | AL18: 711620 | AM18: 578076 | AN18: =AI18-D18 -> -873020.05 | AO18: =AJ18-E18 -> 461094.24 | AP18: =AK18-F18 -> 191067.78 | AQ18: =AL18-G18 -> 370177.45 | AR18: =AM18-H18 -> 334888.09
B19: 재무활동에 의한 자금 운영 | C19: =-S45 -> 38788 | D19: =-T45 -> -917858.49 | E19: =-U45 -> -209604.06 | F19: =-V45 -> -68828.761 | G19: =-W45 -> 188290.97 | H19: =-X45 -> 267298.5 | I19: =-Y45 -> 113608.76 | J19: =-Z45 -> 143349.21 | ... O19: =-AE45 -> 144840.95 | P19: =SUM(I19:O19) -> 960448.46 | R19: 매출원가 | S19: =-'7-1. FS'!AB52 -> -200911 | T19: =-'7-1. FS'!AC52 -> -7184089.9 | U19: =-'7-1. FS'!AD52 -> -7710584.4 | V19: =-'7-1. FS'!AE52 -> -7986166.9 | W19: =-'7-1. FS'!AF52 -> -8452920 | X19: =-'7-1. FS'!AG52 -> -8810759.3 | Y19: =-'7-1. FS'!AH52 -> -9008909.3 | Z19: =-'7-1. FS'!AI52 -> -9186266.5 | ... AE19: =-'7-1. FS'!AN52 -> -10211276 | AH19: 자금 운영
B20: 합계 | C20: =SUM(C17:C19) -> 1314193.2 | D20: =SUM(D17:D19) -> 10572690 | E20: =SUM(E17:E19) -> 10174194 | F20: =SUM(F17:F19) -> 10683958 | G20: =SUM(G17:G19) -> 11732948 | H20: =SUM(H17:H19) -> 11564554 | I20: =SUM(I17:I19) -> 12204895 | J20: =SUM(J17:J19) -> 12193501 | ... P20: =SUM(P17:P19) -> 88650708 | R20: 판매비및관리비 | S20: =-'7-1. FS'!AB56 -> -847921 | T20: =-'7-1. FS'!AC56 -> -2465706.5 | U20: =-'7-1. FS'!AD56 -> -2602341 | V20: =-'7-1. FS'!AE56 -> -2585746.2 | W20: =-'7-1. FS'!AF56 -> -2672477.6 | X20: =-'7-1. FS'!AG56 -> -2673988.2 | Y20: =-'7-1. FS'!AH56 -> -2751529.7 | Z20: =-'7-1. FS'!AI56 -> -2760667.9 | ... AE20: =-'7-1. FS'!AN56 -> -2870167.2 | AH20: 재무활동에 의한 자금 운영 | AI20: 365697 | AJ20: 39411 | AK20: 138805 | AL20: 66122 | AM20: 127355 | AN20: =AI20-D19 -> 1283555.5 | AO20: =AJ20-E19 -> 249015.06 | AP20: =AK20-F19 -> 207633.76 | AQ20: =AL20-G19 -> -122168.97 | AR20: =AM20-H19 -> -139943.5
B21: ※ 영업활동에 의한 자금 운영 : 매출원가, 판매비와관리비, 법인세비용 등 | R21: 감가상각비 | S21: ='7-1. FS'!AB93 -> 15719 | T21: ='7-1. FS'!AC93 -> 500554.31 | U21: ='7-1. FS'!AD93 -> 488689.36 | V21: ='7-1. FS'!AE93 -> 490293.24 | W21: ='7-1. FS'!AF93 -> 540414.26 | X21: ='7-1. FS'!AG93 -> 571640.22 | Y21: ='7-1. FS'!AH93 -> 561080.8 | Z21: ='7-1. FS'!AI93 -> 567431.15 | ... AE21: ='7-1. FS'!AN93 -> 618023.43 | AH21: 합 계 | AI21: 10117424 | AJ21: 11831429 | AK21: 12581448 | AL21: 13447756 | AM21: 14459204 | AN21: =D20-AI21 -> 455266.15 | AO21: =E20-AJ21 -> -1657235.1 | AP21: =F20-AK21 -> -1897489.6 | AQ21: =G20-AL21 -> -1714807.8 | AR21: =H20-AM21 -> -2894650.5
B22: ※ 투자활동에 의한 자금 운영 : 대여자산, 고정자산, 투자자산 등 | R22: 영업외비용 | S22: =MIN(0,'7-1. FS'!AB74+'7-1. FS'!AB77) -> 0 | T22: =MIN(0,'7-1. FS'!AC74+'7-1. FS'!AC77) -> 0 | U22: =MIN(0,'7-1. FS'!AD74+'7-1. FS'!AD77) -> -161145.64 | V22: =MIN(0,'7-1. FS'!AE74+'7-1. FS'!AE77) -> -234288.08 | W22: =MIN(0,'7-1. FS'!AF74+'7-1. FS'!AF77) -> -296146.34 | X22: =MIN(0,'7-1. FS'!AG74+'7-1. FS'!AG77) -> -184975.42 | Y22: =MIN(0,'7-1. FS'!AH74+'7-1. FS'!AH77)-'7-1. FS'!AH96+'7-1. FS'!AH94+'7-1. FS'!AH95 -> -77213.904 | Z22: =MIN(0,'7-1. FS'!AI74+'7-1. FS'!AI77)-'7-1. FS'!AI96+'7-1. FS'!AI94+'7-1. FS'!AI95 -> -58141.642 | AA22: =MIN(0,'7-1. FS'!AJ74+'7-1. FS'!AJ77)-'7-1. FS'!AJ96+'7-1. FS'!AJ94+'7-1. FS'!AJ95 -> -55612.965 | AB22: =MIN(0,'7-1. FS'!AK74+'7-1. FS'!AK77)-'7-1. FS'!AK96+'7-1. FS'!AK94+'7-1. FS'!AK95 -> -52961.874 | AC22: =MIN(0,'7-1. FS'!AL74+'7-1. FS'!AL77)-'7-1. FS'!AL96+'7-1. FS'!AL94+'7-1. FS'!AL95 -> -50346.203 | AD22: =MIN(0,'7-1. FS'!AM74+'7-1. FS'!AM77)-'7-1. FS'!AM96+'7-1. FS'!AM94+'7-1. FS'!AM95 -> -52863.236 | AE22: =MIN(0,'7-1. FS'!AN74+'7-1. FS'!AN77)-'7-1. FS'!AN96+'7-1. FS'!AN94+'7-1. FS'!AN95 -> -51946.659
B23: ※ 재무활동에 의한 자금 운영 : 연도별 차입‧상환과 배당금 지급 계획 반영 | R23: 법인세비용 | S23: =-'7-1. FS'!AB81 -> -41545 | T23: =-'7-1. FS'!AC81 -> -101302.28 | U23: =-'7-1. FS'!AD81 -> -24954.999 | V23: =-'7-1. FS'!AE81 -> -45663.08 | W23: =-'7-1. FS'!AF81 -> -17293.722 | X23: =-'7-1. FS'!AG81 -> -20804.424 | Y23: =-'7-1. FS'!AH81 -> -45134.977 | Z23: =-'7-1. FS'!AI81 -> -53933.478 | ... AE23: =-'7-1. FS'!AN81 -> -62336.631
R24: 기타비용가산 | S24: ='7-1. FS'!AB94+'7-1. FS'!AB95 -> 0 | T24: ='7-1. FS'!AC94+'7-1. FS'!AC95 -> 9843.0415 | U24: ='7-1. FS'!AD94+'7-1. FS'!AD95 -> 8579.0017 | V24: ='7-1. FS'!AE94+'7-1. FS'!AE95 -> 19529.29 | W24: ='7-1. FS'!AF94+'7-1. FS'!AF95 -> 22583.968 | X24: ='7-1. FS'!AG94+'7-1. FS'!AG95 -> 9553
B25: 기초 현금 | C25: ='7-1. FS'!AB125 -> 137582.95 | D25: =C27 -> 40698 | E25: =D27 -> 148295.45 | F25: =E27 -> 450057.59 | G25: ='7. 첨부_추정현금흐름표'!H19 -> 374834.49 | H25: =G27 -> 30752.324 | I25: =H27 -> 244366.28 | J25: =I27 -> 100412.82 | K25: =J27 -> 137632.67 | L25: =K27 -> 176713.52 | M25: =L27 -> 193648.57 | N25: =M27 -> 212277.11 | O25: =N27 -> 232768.51 | R25: 재고자산 변동 | S25: ='7-1. FS'!AB102 -> 7024.0561 | T25: ='7-1. FS'!AC102 -> 42386.939 | U25: ='7-1. FS'!AD102 -> -29089.188 | V25: ='7-1. FS'!AE102 -> -85954.767 | W25: ='7-1. FS'!AF102 -> -6170.1569 | X25: ='7-1. FS'!AG102 -> -35994.542 | Y25: ='7-1. FS'!AH102 -> 14331.039 | Z25: ='7-1. FS'!AI102 -> -6364.143 | ... AE25: ='7-1. FS'!AN102 -> -8191.4727
B26: 현금 변동 | C26: =C10-C20 -> -96884.955 | D26: =D10-D20 -> 107597.45 | E26: =E10-E20 -> 301762.14 | F26: =F10-F20 -> 113358.85 | G26: =G10-G20 -> -344082.16 | H26: =H10-H20 -> 213613.96 | I26: =I10-I20 -> -143953.47 | J26: =J10-J20 -> 37219.857 | ... O26: =O10-O20 -> 22540.537 | R26: 매입채무 변동 | S26: ='7-1. FS'!AB104 -> 14024.606 | T26: ='7-1. FS'!AC104 -> -44663.594 | U26: ='7-1. FS'!AD104 -> 105396.84 | V26: ='7-1. FS'!AE104 -> 205414.23 | W26: ='7-1. FS'!AF104 -> -288253.95 | X26: ='7-1. FS'!AG104 -> 33618.644 | Y26: ='7-1. FS'!AH104 -> -25916.615 | Z26: ='7-1. FS'!AI104 -> 6248.3445 | ... AE26: ='7-1. FS'!AN104 -> 10269.421
B27: 기말 현금 | C27: =C25+C26 -> 40698 | D27: =D25+D26 -> 148295.45 | E27: =E25+E26 -> 450057.59 | F27: =F25+F26 -> 563416.44 | G27: =G25+G26 -> 30752.324 | H27: =H25+H26 -> 244366.28 | I27: =I25+I26 -> 100412.82 | J27: =J25+J26 -> 137632.67 | ... O27: =O25+O26 -> 255309.05 | R27: 기타자산부채 변동 | S27: ='7-1. FS'!AB103+'7-1. FS'!AB106+'7-1. FS'!AB107 -> 16748.252 | T27: ='7-1. FS'!AC103+'7-1. FS'!AC106+'7-1. FS'!AC107 -> -1087936.4 | U27: ='7-1. FS'!AD103+'7-1. FS'!AD106+'7-1. FS'!AD107 -> -257210.02 | V27: ='7-1. FS'!AE103+'7-1. FS'!AE106+'7-1. FS'!AE107 -> -33860.829 | W27: ='7-1. FS'!AF103+'7-1. FS'!AF106+'7-1. FS'!AF107 -> -37553.152 | X27: ='7-1. FS'!AG103+'7-1. FS'!AG106+'7-1. FS'!AG107 -> 43858.254 | Y27: ='7-1. FS'!AH103+'7-1. FS'!AH106+'7-1. FS'!AH107 -> -74079.617 | Z27: ='7-1. FS'!AI103+'7-1. FS'!AI106+'7-1. FS'!AI107 -> -23327.447 | ... AE27: ='7-1. FS'!AN103+'7-1. FS'!AN106+'7-1. FS'!AN107 -> -21004.631
R28: 미지급비용변동 | S28: ='7-1. FS'!AB105 -> 0 | T28: ='7-1. FS'!AC105 -> -623.22838 | U28: ='7-1. FS'!AD105 -> 24534.771 | V28: ='7-1. FS'!AE105 -> -4852.894 | W28: ='7-1. FS'!AF105 -> 4602.1124 | X28: ='7-1. FS'!AG105 -> 13784.684 | Y28: ='7-1. FS'!AH105 -> 7672.774 | Z28: ='7-1. FS'!AI105 -> 6800.5063 | ... AE28: ='7-1. FS'!AN105 -> 5970.204
C29: ='7-1. FS'!AB126 -> 40698 | D29: ='7-1. FS'!AC126 -> 148295.45 | E29: ='7-1. FS'!AD126 -> 321054.45 | F29: ='7-1. FS'!AE126 -> 374834.75 | G29: ='7-1. FS'!AF126 -> 30752.572 | H29: ='7-1. FS'!AG126 -> 244366.08 | I29: ='7-1. FS'!AH126 -> 100412.53 | J29: ='7-1. FS'!AI126 -> 137632.44 | ... O29: ='7-1. FS'!AN126 -> 255308.73 | R29: 충당부채 변동
C30: =C27-C29 -> -8.7311491e-11 | D30: =D27-D29 -> 1.4260877e-09 | E30: =E27-E29 -> 129003.14 | F30: =F27-F29 -> 188581.69 | G30: =G27-G29 -> -0.24747939 | H30: =H27-H29 -> 0.20510837 | I30: =I27-I29 -> 0.28404839 | J30: =J27-J29 -> 0.23807848 | ... O30: =O27-O29 -> 0.32427023 | S30: =SUM(S19:S29) -> -1036861.1 | T30: =SUM(T19:T29) -> -10331538 | U30: =SUM(U19:U29) -> -10158125 | V30: =SUM(V19:V29) -> -10261296 | W30: =SUM(W19:W29) -> -11203215 | X30: =SUM(X19:X29) -> -11054067 | Y30: =SUM(Y19:Y29) -> -11399699 | Z30: =SUM(Z19:Z29) -> -11508221 | ... AE30: =SUM(AE19:AE29) -> -12590659
Y31: =Y12+Y30-'7-1. FS'!AH90 -> 0
R32: [3] 투자활동 현금 유출
S33: 2020년 | T33: 2021년 | U33: 2022년 | V33: 2023년 | W33: 2024년 | X33: 2025년 | Y33: 2026년 | Z33: 2027년 | AA33: 2028년 | AB33: 2029년 | AC33: 2030년 | AD33: 2031년 | AE33: 2032년
R34: 대여자산 변동 | S34: ='7-1. FS'!AB110 -> 0 | T34: ='7-1. FS'!AC110 -> -142065.45 | U34: ='7-1. FS'!AD110 -> 167112.9 | V34: ='7-1. FS'!AE110 -> -22500.886 | W34: ='7-1. FS'!AF110 -> 1723.0198 | X34: ='7-1. FS'!AG110 -> 27474.032 | Y34: ='7-1. FS'!AH110 -> -28870.727 | Z34: ='7-1. FS'!AI110 -> 0 | ... AE34: ='7-1. FS'!AN110 -> 0
R35: 고정자산 투자 | S35: ='7-1. FS'!AB117 -> -15719 | T35: ='7-1. FS'!AC117 -> -595784.12 | U35: ='7-1. FS'!AD117 -> -623316.65 | V35: ='7-1. FS'!AE117 -> -683542.37 | W35: ='7-1. FS'!AF117 -> -558211.64 | X35: ='7-1. FS'!AG117 -> -438510.81 | Y35: ='7-1. FS'!AH117 -> -580830.03 | Z35: ='7-1. FS'!AI117 -> -549908.6 | ... AE35: ='7-1. FS'!AN117 -> -619313.7
R36: 투자자산 | S36: ='7-1. FS'!AB111 -> -222825.09 | T36: ='7-1. FS'!AC111 -> -398291.61 | U36: ='7-1. FS'!AD111 -> 202920.53 | V36: ='7-1. FS'!AE111 -> 227722.58 | W36: ='7-1. FS'!AF111 -> 214192.88 | X36: ='7-1. FS'!AG111 -> 161774.87 | Y36: ='7-1. FS'!AH111 -> -81885.869 | Z36: ='7-1. FS'!AI111 -> 7978.0166 | ... AE36: ='7-1. FS'!AN111 -> 1365.9623
R37: 기타포괄손익 | S37: =+'7-1. FS'!AB108 -> 0 | T37: =+'7-1. FS'!AC108 -> -22869.866 | U37: =+'7-1. FS'!AD108 -> 27610.467 | V37: =+'7-1. FS'!AE108 -> -13170.541 | W37: =+'7-1. FS'!AF108 -> 853.19391 | X37: =+'7-1. FS'!AG108 -> 6074 | Y37: =+'7-1. FS'!AH108 -> 0 | Z37: =+'7-1. FS'!AI108 -> 0 | ... AE37: =+'7-1. FS'!AN108 -> 0
S38: =SUM(S34:S37) -> -238544.09 | T38: =SUM(T34:T37) -> -1159011 | U38: =SUM(U34:U37) -> -225672.76 | V38: =SUM(V34:V37) -> -491491.22 | W38: =SUM(W34:W37) -> -341442.55 | X38: =SUM(X34:X37) -> -243187.91 | Y38: =SUM(Y34:Y37) -> -691586.62 | Z38: =SUM(Z34:Z37) -> -541930.58 | ... AE38: =SUM(AE34:AE37) -> -617947.73
S39: =S38-'7-1. FS'!AB109 -> 0 | T39: =T38-'7-1. FS'!AC109 -> -22869.866 | U39: =U38-'7-1. FS'!AD109 -> 27610.467 | V39: =V38-'7-1. FS'!AE109 -> -13170.541 | W39: =W38-'7-1. FS'!AF109 -> 853.19391 | X39: =X38-'7-1. FS'!AG109 -> 6074 | Y39: =Y38-'7-1. FS'!AH109 -> 0 | Z39: =Z38-'7-1. FS'!AI109 -> 0 | ... AE39: =AE38-'7-1. FS'!AN109 -> 0
R40: [4] 재무활동 현금 유출
S41: 2020년 | T41: 2021년 | U41: 2022년 | V41: 2023년 | W41: 2024년 | X41: 2025년 | Y41: 2026년 | Z41: 2027년 | AA41: 2028년 | AB41: 2029년 | AC41: 2030년 | AD41: 2031년 | AE41: 2032년
R42: 차입부채 | S42: ='7-1. FS'!AB121+'7-1. FS'!AB122 -> 0 | T42: ='7-1. FS'!AC121+'7-1. FS'!AC122 -> 1037839.5 | U42: ='7-1. FS'!AD121+'7-1. FS'!AD122 -> 332220.09 | V42: ='7-1. FS'!AE121+'7-1. FS'!AE122 -> 112766.17 | W42: ='7-1. FS'!AF121+'7-1. FS'!AF122 -> -136571.85 | X42: ='7-1. FS'!AG121+'7-1. FS'!AG122 -> -225515.71 | Y42: ='7-1. FS'!AH121+'7-1. FS'!AH122 -> -79961.759 | Z42: ='7-1. FS'!AI121+'7-1. FS'!AI122 -> -86036.211 | ... AE42: ='7-1. FS'!AN121+'7-1. FS'!AN122 -> -69399.945
R43: 배당 | S43: ='7-1. FS'!AB123 -> -38788 | T43: ='7-1. FS'!AC123 -> -119981 | U43: ='7-1. FS'!AD123 -> -122616.03 | V43: ='7-1. FS'!AE123 -> -43937.411 | W43: ='7-1. FS'!AF123 -> -51719.128 | X43: ='7-1. FS'!AG123 -> -41782.795 | Y43: ='7-1. FS'!AH123 -> -33647 | Z43: ='7-1. FS'!AI123 -> -57313 | ... AE43: ='7-1. FS'!AN123 -> -75441
R44: 자기주식
S45: =SUM(S42:S44) -> -38788 | T45: =SUM(T42:T44) -> 917858.49 | U45: =SUM(U42:U44) -> 209604.06 | V45: =SUM(V42:V44) -> 68828.761 | W45: =SUM(W42:W44) -> -188290.97 | X45: =SUM(X42:X44) -> -267298.5 | Y45: =SUM(Y42:Y44) -> -113608.76 | Z45: =SUM(Z42:Z44) -> -143349.21 | ... AE45: =SUM(AE42:AE44) -> -144840.95
T46: =T45-'7-1. FS'!AC120 -> 0 | U46: =U45-'7-1. FS'!AD120 -> 0 | V46: =V45-'7-1. FS'!AE120 -> 0 | W46: =W45-'7-1. FS'!AF120 -> 0 | X46: =X45-'7-1. FS'!AG120 -> 0 | Y46: =Y45-'7-1. FS'!AH120 -> 0 | Z46: =Z45-'7-1. FS'!AI120 -> 0 | AA46: =AA45-'7-1. FS'!AJ120 -> 0 | ... AE46: =AE45-'7-1. FS'!AN120 -> 0
R47: [5] 현금 Net
S48: 2020년 | T48: 2021년 | U48: 2022년 | V48: 2023년 | W48: 2024년 | X48: 2025년 | Y48: 2026년 | Z48: 2027년 | AA48: 2028년 | AB48: 2029년 | AC48: 2030년 | AD48: 2031년 | AE48: 2032년
R49: 현금 Net | S49: =S12+S30+S38+S45 -> -96884.955 | T49: =T12+T30+T38+T45 -> 90024.496 | U49: =U12+U30+U38+U45 -> 301762.14 | V49: =V12+V30+V38+V45 -> 113358.85 | W49: =W12+W30+W38+W45 -> -344082.16 | X49: =X12+X30+X38+X45 -> 213613.96 | Y49: =Y12+Y30+Y38+Y45 -> -143953.47 | Z49: =Z12+Z30+Z38+Z45 -> 37219.857 | ... AE49: =AE12+AE30+AE38+AE45 -> 22540.537
R50: 합병 | T50: ='7-1. FS'!O8 -> 17572.953
S51: =SUM(S49:S50) -> -96884.955 | T51: =SUM(T49:T50) -> 107597.45 | U51: =SUM(U49:U50) -> 301762.14 | V51: =SUM(V49:V50) -> 113358.85 | W51: =SUM(W49:W50) -> -344082.16 | X51: =SUM(X49:X50) -> 213613.96 | Y51: =SUM(Y49:Y50) -> -143953.47 | Z51: =SUM(Z49:Z50) -> 37219.857 | ... AE51: =SUM(AE49:AE50) -> 22540.537
Y52: =Y51-'7-1. FS'!AH124 -> 8.1490725e-10 | Z52: =Z51-'7-1. FS'!AI124 -> 0.018030082 | AA52: =AA51-'7-1. FS'!AJ124 -> 0.018056581 | AB52: =AB51-'7-1. FS'!AK124 -> 0.017797917 | AC52: =AC51-'7-1. FS'!AL124 -> 0.017106216 | AD52: =AD51-'7-1. FS'!AM124 -> 0.016812925 | AE52: =AE51-'7-1. FS'!AN124 -> 0.016418114
R53: Net Income | S53: =S7+S8+S19+S20+S22+S23 -> 128898 | T53: =T7+T8+T19+T20+T22+T23 -> 932196.84 | U53: =U7+U8+U19+U20+U22+U23 -> 70312.077 | V53: =V7+V8+V19+V20+V22+V23 -> 35030.456 | W53: =W7+W8+W19+W20+W22+W23 -> -60803.697 | X53: =X7+X8+X19+X20+X22+X23 -> 84116.796 | Y53: =Y7+Y8+Y19+Y20+Y22+Y23 -> 149815.38 | Z53: =Z7+Z8+Z19+Z20+Z22+Z23 -> 157416.89 | ... AE53: =AE7+AE8+AE19+AE20+AE22+AE23 -> 187109.1
R54: 비용가산 | S54: =S21+S24 -> 15719 | T54: =T21+T24 -> 510397.35 | U54: =U21+U24 -> 497268.36 | V54: =V21+V24 -> 509822.53 | W54: =W21+W24 -> 562998.23 | X54: =X21+X24 -> 581193.22 | Y54: =Y21+Y24 -> 561080.8 | Z54: =Z21+Z24 -> 567431.15 | ... AE54: =AE21+AE24 -> 618023.43
R55: 수익차감 | S55: =S9 -> -6602.7304 | T55: =T9 -> -45464.46 | U55: =U9 -> -15276.73 | V55: =V9 -> -2133.0977 | W55: =W9 -> -13254.543 | X55: =X9 -> -15296 | Y55: =Y9 -> 0 | Z55: =Z9 -> 0 | ... AE55: =AE9 -> 0
R56: 자산부채변동 | S56: =S10+S25+S26+S27+S28+S29 -> 42432.87 | T56: =T10+T25+T26+T27+T28+T29 -> -1065952.7 | U56: =U10+U25+U26+U27+U28+U29 -> -234472.87 | V56: =V10+V25+V26+V27+V28+V29 -> -6698.5858 | W56: =W10+W25+W26+W27+W28+W29 -> -303288.63 | X56: =X10+X25+X26+X27+X28+X29 -> 74086.353 | Y56: =Y10+Y25+Y26+Y27+Y28+Y29 -> -49654.268 | Z56: =Z10+Z25+Z26+Z27+Z28+Z29 -> -2348.3902 | ... AE56: =AE10+AE25+AE26+AE27+AE28+AE29 -> -19803.313

Sheet 4. 자금조달운영계획_근거
A2: ■ 자금 조달 및 운영 계획 산출근거
A4: - 자금 조달 계획
P5: (단위 : 백만원)
B6: 구분 | C6: 2020년 | D6: 2021년 | E6: 2022년 | F6: 2023년 | G6: 2024년 | H6: 2025년 | I6: 2026년 | J6: 2027년 | K6: 2028년 | L6: 2029년 | M6: 2030년 | N6: 2031년 | O6: 2032년 | P6: 합 계
B7: 영업활동에 의한 자금 조달 | C7: =SUM(C8:C11) -> 1217308.2 | D7: =SUM(D8:D11) -> 10662715 | E7: =SUM(E8:E11) -> 10475956 | F7: =SUM(F8:F11) -> 10797317 | G7: =SUM(G8:G11) -> 11388866 | H7: =SUM(H8:H11) -> 11778168 | I7: =SUM(I8:I11) -> 12060941 | J7: =SUM(J8:J11) -> 12230721 | ... O7: =SUM(O8:O11) -> 13375989 | P7: =SUM(I7:O7) -> 88661651
B8: 매출액 | C8: ='3. 자금조달운영계획'!S7 -> 1206716 | D8: ='3. 자금조달운영계획'!T7 -> 9942393.7 | E8: ='3. 자금조달운영계획'!U7 -> 10569338 | F8: ='3. 자금조달운영계획'!V7 -> 10886895 | G8: ='3. 자금조달운영계획'!W7 -> 11378034 | H8: ='3. 자금조달운영계획'!X7 -> 11774644 | I8: ='3. 자금조달운영계획'!Y7 -> 12032603 | J8: ='3. 자금조달운영계획'!Z7 -> 12216426 | ... O8: ='3. 자금조달운영계획'!AE7 -> 13382836 | P8: =SUM(I8:O8) -> 88623182
B9: 영업외수익 | C9: ='3. 자금조달운영계획'!S8 -> 12559 | D9: ='3. 자금조달운영계획'!T8 -> 740901.81 | E9: ='3. 자금조달운영계획'!U8 -> 0 | F9: ='3. 자금조달운영계획'!V8 -> 0 | G9: ='3. 자금조달운영계획'!W8 -> 0 | H9: ='3. 자금조달운영계획'!X8 -> 0 | I9: ='3. 자금조달운영계획'!Y8 -> 0 | J9: ='3. 자금조달운영계획'!Z8 -> 0 | ... O9: ='3. 자금조달운영계획'!AE8 -> 0 | P9: =SUM(I9:O9) -> 0
B10: 수익차감 | C10: ='3. 자금조달운영계획'!S9 -> -6602.7304 | D10: ='3. 자금조달운영계획'!T9 -> -45464.46 | E10: ='3. 자금조달운영계획'!U9 -> -15276.73 | F10: ='3. 자금조달운영계획'!V9 -> -2133.0977 | G10: ='3. 자금조달운영계획'!W9 -> -13254.543 | H10: ='3. 자금조달운영계획'!X9 -> -15296 | I10: ='3. 자금조달운영계획'!Y9 -> 0 | J10: ='3. 자금조달운영계획'!Z9 -> 0 | ... O10: ='3. 자금조달운영계획'!AE9 -> 0 | P10: =SUM(I10:O10) -> 0
B11: 운전자본 변동 | C11: ='3. 자금조달운영계획'!S10 -> 4635.9567 | D11: ='3. 자금조달운영계획'!T10 -> 24883.567 | E11: ='3. 자금조달운영계획'!U10 -> -78105.273 | F11: ='3. 자금조달운영계획'!V10 -> -87444.327 | G11: ='3. 자금조달운영계획'!W10 -> 24086.513 | H11: ='3. 자금조달운영계획'!X10 -> 18819.313 | I11: ='3. 자금조달운영계획'!Y10 -> 28338.151 | J11: ='3. 자금조달운영계획'!Z10 -> 14294.349 | ... O11: ='3. 자금조달운영계획'!AE10 -> -6846.8344 | P11: =SUM(I11:O11) -> 38469.3
B12: 투자활동에 의한 자금 조달 | C12: ='3. 자금조달운영계획'!C8 -> 0 | D12: ='3. 자금조달운영계획'!D8 -> 17572.953 | E12: ='3. 자금조달운영계획'!E8 -> 0 | F12: ='3. 자금조달운영계획'!F8 -> 0 | G12: ='3. 자금조달운영계획'!G8 -> 0 | H12: ='3. 자금조달운영계획'!H8 -> 0 | I12: ='3. 자금조달운영계획'!I8 -> 0 | J12: ='3. 자금조달운영계획'!J8 -> 0 | ... O12: ='3. 자금조달운영계획'!O8 -> 0 | P12: =SUM(I12:O12) -> 0
B13: 재무활동에 의한 자금 조달 | C13: ='3. 자금조달운영계획'!C9 -> 0 | D13: ='3. 자금조달운영계획'!D9 -> 0 | E13: ='3. 자금조달운영계획'!E9 -> 0 | F13: ='3. 자금조달운영계획'!F9 -> 0 | G13: ='3. 자금조달운영계획'!G9 -> 0 | H13: ='3. 자금조달운영계획'!H9 -> 0 | I13: ='3. 자금조달운영계획'!I9 -> 0 | J13: ='3. 자금조달운영계획'!J9 -> 0 | ... O13: ='3. 자금조달운영계획'!O9 -> 0 | P13: =SUM(I13:O13) -> 0
B14: 합계 | C14: =C7+C12+C13 -> 1217308.2 | D14: =D7+D12+D13 -> 10680288 | E14: =E7+E12+E13 -> 10475956 | F14: =F7+F12+F13 -> 10797317 | G14: =G7+G12+G13 -> 11388866 | H14: =H7+H12+H13 -> 11778168 | I14: =I7+I12+I13 -> 12060941 | J14: =J7+J12+J13 -> 12230721 | ... P14: =P7+P12+P13 -> 88661651
B15: ※ 영업활동에 의한 자금 조달 : 추정 매출액, 영업외수익, 매출채권 변동
A18: - 자금 운영 계획
P19: (단위 : 백만원)
B20: 구분 | C20: 2020년 | D20: 2021년 | E20: 2022년 | F20: 2023년 | G20: 2024년 | H20: 2025년 | I20: 2026년 | J20: 2027년 | K20: 2028년 | L20: 2029년 | M20: 2030년 | N20: 2031년 | O20: 2032년 | P20: 합 계
B21: 영업활동에 의한 자금 운영 | C21: =SUM(C22:C27) -> 1036861.1 | D21: =SUM(D22:D27) -> 10331538 | E21: =SUM(E22:E27) -> 10158125 | F21: =SUM(F22:F27) -> 10261296 | G21: =SUM(G22:G27) -> 11203215 | H21: =SUM(H22:H27) -> 11054067 | I21: =SUM(I22:I27) -> 11399699 | J21: =SUM(J22:J27) -> 11508221 | ... O21: =SUM(O22:O27) -> 12590659 | P21: =SUM(I21:O21) -> 83529596
B22: 매출원가 | C22: =-'3. 자금조달운영계획'!S19 -> 200911 | D22: =-'3. 자금조달운영계획'!T19 -> 7184089.9 | E22: =-'3. 자금조달운영계획'!U19 -> 7710584.4 | F22: =-'3. 자금조달운영계획'!V19 -> 7986166.9 | G22: =-'3. 자금조달운영계획'!W19 -> 8452920 | H22: =-'3. 자금조달운영계획'!X19 -> 8810759.3 | I22: =-'3. 자금조달운영계획'!Y19 -> 9008909.3 | J22: =-'3. 자금조달운영계획'!Z19 -> 9186266.5 | ... O22: =-'3. 자금조달운영계획'!AE19 -> 10211276 | P22: =SUM(I22:O22) -> 67089038
B23: 판매비및관리비 (감가상각비 제외) | C23: =-'3. 자금조달운영계획'!S20-'3. 자금조달운영계획'!S21 -> 832202 | D23: =-'3. 자금조달운영계획'!T20-'3. 자금조달운영계획'!T21 -> 1965152.2 | E23: =-'3. 자금조달운영계획'!U20-'3. 자금조달운영계획'!U21 -> 2113651.6 | F23: =-'3. 자금조달운영계획'!V20-'3. 자금조달운영계획'!V21 -> 2095452.9 | G23: =-'3. 자금조달운영계획'!W20-'3. 자금조달운영계획'!W21 -> 2132063.4 | H23: =-'3. 자금조달운영계획'!X20-'3. 자금조달운영계획'!X21 -> 2102348 | I23: =-'3. 자금조달운영계획'!Y20-'3. 자금조달운영계획'!Y21 -> 2190448.9 | J23: =-'3. 자금조달운영계획'!Z20-'3. 자금조달운영계획'!Z21 -> 2193236.8 | ... O23: =-'3. 자금조달운영계획'!AE20-'3. 자금조달운영계획'!AE21 -> 2252143.8 | P23: =SUM(I23:O23) -> 15481870
B24: 영업외비용 | C24: =-'3. 자금조달운영계획'!S22 -> 0 | D24: =-'3. 자금조달운영계획'!T22 -> 0 | E24: =-'3. 자금조달운영계획'!U22 -> 161145.64 | F24: =-'3. 자금조달운영계획'!V22 -> 234288.08 | G24: =-'3. 자금조달운영계획'!W22 -> 296146.34 | H24: =-'3. 자금조달운영계획'!X22 -> 184975.42 | I24: =-'3. 자금조달운영계획'!Y22 -> 77213.904 | J24: =-'3. 자금조달운영계획'!Z22 -> 58141.642 | ... O24: =-'3. 자금조달운영계획'!AE22 -> 51946.659 | P24: =SUM(I24:O24) -> 399086.48
B25: 법인세비용 | C25: =-'3. 자금조달운영계획'!S23 -> 41545 | D25: =-'3. 자금조달운영계획'!T23 -> 101302.28 | E25: =-'3. 자금조달운영계획'!U23 -> 24954.999 | F25: =-'3. 자금조달운영계획'!V23 -> 45663.08 | G25: =-'3. 자금조달운영계획'!W23 -> 17293.722 | H25: =-'3. 자금조달운영계획'!X23 -> 20804.424 | I25: =-'3. 자금조달운영계획'!Y23 -> 45134.977 | J25: =-'3. 자금조달운영계획'!Z23 -> 53933.478 | ... O25: =-'3. 자금조달운영계획'!AE23 -> 62336.631 | P25: =SUM(I25:O25) -> 386421.76
B26: 비용가산 | C26: =-'3. 자금조달운영계획'!S24 -> 0 | D26: =-'3. 자금조달운영계획'!T24 -> -9843.0415 | E26: =-'3. 자금조달운영계획'!U24 -> -8579.0017 | F26: =-'3. 자금조달운영계획'!V24 -> -19529.29 | G26: =-'3. 자금조달운영계획'!W24 -> -22583.968 | H26: =-'3. 자금조달운영계획'!X24 -> -9553 | I26: =-'3. 자금조달운영계획'!Y24 -> 0 | J26: =-'3. 자금조달운영계획'!Z24 -> 0 | ... O26: =-'3. 자금조달운영계획'!AE24 -> 0 | P26: =SUM(I26:O26) -> 0
B27: 운전자본 변동 | C27: =-'3. 자금조달운영계획'!S25-'3. 자금조달운영계획'!S26-'3. 자금조달운영계획'!S27-'3. 자금조달운영계획'!S28-'3. 자금조달운영계획'!S29 -> -37796.914 | D27: =-'3. 자금조달운영계획'!T25-'3. 자금조달운영계획'!T26-'3. 자금조달운영계획'!T27-'3. 자금조달운영계획'!T28-'3. 자금조달운영계획'!T29 -> 1090836.2 | E27: =-'3. 자금조달운영계획'!U25-'3. 자금조달운영계획'!U26-'3. 자금조달운영계획'!U27-'3. 자금조달운영계획'!U28-'3. 자금조달운영계획'!U29 -> 156367.59 | F27: =-'3. 자금조달운영계획'!V25-'3. 자금조달운영계획'!V26-'3. 자금조달운영계획'!V27-'3. 자금조달운영계획'!V28-'3. 자금조달운영계획'!V29 -> -80745.741 | G27: =-'3. 자금조달운영계획'!W25-'3. 자금조달운영계획'!W26-'3. 자금조달운영계획'!W27-'3. 자금조달운영계획'!W28-'3. 자금조달운영계획'!W29 -> 327375.15 | H27: =-'3. 자금조달운영계획'!X25-'3. 자금조달운영계획'!X26-'3. 자금조달운영계획'!X27-'3. 자금조달운영계획'!X28-'3. 자금조달운영계획'!X29 -> -55267.04 | I27: =-'3. 자금조달운영계획'!Y25-'3. 자금조달운영계획'!Y26-'3. 자금조달운영계획'!Y27-'3. 자금조달운영계획'!Y28-'3. 자금조달운영계획'!Y29 -> 77992.42 | J27: =-'3. 자금조달운영계획'!Z25-'3. 자금조달운영계획'!Z26-'3. 자금조달운영계획'!Z27-'3. 자금조달운영계획'!Z28-'3. 자금조달운영계획'!Z29 -> 16642.739 | ... O27: =-'3. 자금조달운영계획'!AE25-'3. 자금조달운영계획'!AE26-'3. 자금조달운영계획'!AE27-'3. 자금조달운영계획'!AE28-'3. 자금조달운영계획'!AE29 -> 12956.478 | P27: =SUM(I27:O27) -> 173179.88
B28: 투자활동에 의한 자금 운영 | C28: =SUM(C29:C30) -> 238544.09 | D28: =SUM(D29:D30) -> 1159011 | E28: =SUM(E29:E30) -> 225672.76 | F28: =SUM(F29:F30) -> 491491.22 | G28: =SUM(G29:G30) -> 341442.55 | H28: =SUM(H29:H30) -> 243187.91 | I28: =SUM(I29:I30) -> 691586.62 | J28: =SUM(J29:J30) -> 541930.58 | ... O28: =SUM(O29:O30) -> 617947.73 | P28: =SUM(I28:O28) -> 4160663.6
B29: 투자자산 | C29: =-'3. 자금조달운영계획'!S34-'3. 자금조달운영계획'!S36-'3. 자금조달운영계획'!S37 -> 222825.09 | D29: =-'3. 자금조달운영계획'!T34-'3. 자금조달운영계획'!T36-'3. 자금조달운영계획'!T37 -> 563226.92 | E29: =-'3. 자금조달운영계획'!U34-'3. 자금조달운영계획'!U36-'3. 자금조달운영계획'!U37 -> -397643.89 | F29: =-'3. 자금조달운영계획'!V34-'3. 자금조달운영계획'!V36-'3. 자금조달운영계획'!V37 -> -192051.16 | G29: =-'3. 자금조달운영계획'!W34-'3. 자금조달운영계획'!W36-'3. 자금조달운영계획'!W37 -> -216769.09 | H29: =-'3. 자금조달운영계획'!X34-'3. 자금조달운영계획'!X36-'3. 자금조달운영계획'!X37 -> -195322.9 | I29: =-'3. 자금조달운영계획'!Y34-'3. 자금조달운영계획'!Y36-'3. 자금조달운영계획'!Y37 -> 110756.6 | J29: =-'3. 자금조달운영계획'!Z34-'3. 자금조달운영계획'!Z36-'3. 자금조달운영계획'!Z37 -> -7978.0166 | ... O29: =-'3. 자금조달운영계획'!AE34-'3. 자금조달운영계획'!AE36-'3. 자금조달운영계획'!AE37 -> -1365.9623 | P29: =SUM(I29:O29) -> 70530.18
B30: 유형자산 | C30: =-'3. 자금조달운영계획'!S35 -> 15719 | D30: =-'3. 자금조달운영계획'!T35 -> 595784.12 | E30: =-'3. 자금조달운영계획'!U35 -> 623316.65 | F30: =-'3. 자금조달운영계획'!V35 -> 683542.37 | G30: =-'3. 자금조달운영계획'!W35 -> 558211.64 | H30: =-'3. 자금조달운영계획'!X35 -> 438510.81 | I30: =-'3. 자금조달운영계획'!Y35 -> 580830.03 | J30: =-'3. 자금조달운영계획'!Z35 -> 549908.6 | ... O30: =-'3. 자금조달운영계획'!AE35 -> 619313.7 | P30: =SUM(I30:O30) -> 4090133.5
B31: 재무활동에 의한 자금 운영 | C31: =SUM(C32:C34) -> 38788 | D31: =SUM(D32:D34) -> -917858.49 | E31: =SUM(E32:E34) -> -209604.06 | F31: =SUM(F32:F34) -> -68828.761 | G31: =SUM(G32:G34) -> 188290.97 | H31: =SUM(H32:H34) -> 267298.5 | I31: =SUM(I32:I34) -> 113608.76 | J31: =SUM(J32:J34) -> 143349.21 | ... O31: =SUM(O32:O34) -> 144840.95 | P31: =SUM(I31:O31) -> 960448.46
B32: 차입부채 | C32: =-'3. 자금조달운영계획'!S42 -> 0 | D32: =-'3. 자금조달운영계획'!T42 -> -1037839.5 | E32: =-'3. 자금조달운영계획'!U42 -> -332220.09 | F32: =-'3. 자금조달운영계획'!V42 -> -112766.17 | G32: =-'3. 자금조달운영계획'!W42 -> 136571.85 | H32: =-'3. 자금조달운영계획'!X42 -> 225515.71 | I32: =-'3. 자금조달운영계획'!Y42 -> 79961.759 | J32: =-'3. 자금조달운영계획'!Z42 -> 86036.211 | ... O32: =-'3. 자금조달운영계획'!AE42 -> 69399.945 | P32: =SUM(I32:O32) -> 516177.46
B33: 배당 | C33: =-'3. 자금조달운영계획'!S43 -> 38788 | D33: =-'3. 자금조달운영계획'!T43 -> 119981 | E33: =-'3. 자금조달운영계획'!U43 -> 122616.03 | F33: =-'3. 자금조달운영계획'!V43 -> 43937.411 | G33: =-'3. 자금조달운영계획'!W43 -> 51719.128 | H33: =-'3. 자금조달운영계획'!X43 -> 41782.795 | I33: =-'3. 자금조달운영계획'!Y43 -> 33647 | J33: =-'3. 자금조달운영계획'!Z43 -> 57313 | ... O33: =-'3. 자금조달운영계획'!AE43 -> 75441 | P33: =SUM(I33:O33) -> 444271
B34: 자기주식 취득 | I34: 0 | J34: 0 | K34: 0 | L34: 0 | M34: 0 | N34: 0 | O34: 0 | P34: =SUM(I34:O34) -> 0
B35: 합계 | C35: =C21+C28+C31 -> 1314193.2 | D35: =D21+D28+D31 -> 10572690 | E35: =E21+E28+E31 -> 10174194 | F35: =F21+F28+F31 -> 10683958 | G35: =G21+G28+G31 -> 11732948 | H35: =H21+H28+H31 -> 11564554 | I35: =I21+I28+I31 -> 12204895 | J35: =J21+J28+J31 -> 12193501 | ... P35: =P21+P28+P31 -> 88650708
B36: ※ 영업활동에 의한 자금 운영 : 매출원가, 판매비와관리비, 법인세비용 등
B37: ※ 투자활동에 의한 자금 운영 : 대여자산, 고정자산, 투자자산 등
B38: ※ 재무활동에 의한 자금 운영 : 연도별 차입‧상환과 리스부채변동, 배당금 지급 계획 반영
C40: =C14-C35 -> -96884.955 | D40: =D14-D35 -> 107597.45 | E40: =E14-E35 -> 301762.14 | F40: =F14-F35 -> 113358.85 | G40: =G14-G35 -> -344082.16 | H40: =H14-H35 -> 213613.96 | I40: =I14-I35 -> -143953.47 | J40: =J14-J35 -> 37219.857 | ... O40: =O14-O35 -> 22540.537
C41: ='3. 자금조달운영계획'!C26 -> -96884.955 | D41: ='3. 자금조달운영계획'!D26 -> 107597.45 | E41: ='3. 자금조달운영계획'!E26 -> 301762.14 | F41: ='3. 자금조달운영계획'!F26 -> 113358.85 | G41: ='3. 자금조달운영계획'!G26 -> -344082.16 | H41: ='3. 자금조달운영계획'!H26 -> 213613.96 | I41: ='3. 자금조달운영계획'!I26 -> -143953.47 | J41: ='3. 자금조달운영계획'!J26 -> 37219.857 | ... O41: ='3. 자금조달운영계획'!O26 -> 22540.537
C42: =C40-C41 -> 0 | D42: =D40-D41 -> 0 | E42: =E40-E41 -> 0 | F42: =F40-F41 -> 0 | G42: =G40-G41 -> -1.8626451e-09 | H42: =H40-H41 -> -1.8626451e-09 | I42: =I40-I41 -> -1.8626451e-09 | J42: =J40-J41 -> 0 | ... O42: =O40-O41 -> 0

Sheet 5. 첨부_추정재무상태표
A1: 추정 재무상태표
AB4: (단위 : 백만원)
A5: 구 분 | C5: 2020년 | E5: 2021년 | G5: 2022년 | I5: 2023년 | K5: 2024년 | M5: 2025년 | O5: 2026년 | Q5: 2027년 | S5: 2028년 | U5: 2029년 | W5: 2030년 | Y5: 2031년 | AA5: 2032년
C6: 금액 | D6: 구성비 | E6: 금액 | F6: 구성비 | G6: 금액 | H6: 구성비 | I6: 금액 | J6: 구성비 | K6: 금액 | L6: 구성비 | M6: 금액 | N6: 구성비 | O6: 금액 | P6: 구성비 | Q6: 금액 | R6: 구성비 | S6: 금액 | T6: 구성비 | U6: 금액 | V6: 구성비 | W6: 금액 | X6: 구성비 | Y6: 금액 | Z6: 구성비 | AA6: 금액 | AB6: 구성비 | AD6: 2020 | AE6: 2021 | AF6: 2022 | AG6: 2023 | AH6: 2024 | AI6: 2025 | AJ6: 2026 | AK6: 2027 | AL6: 2028 | AM6: 2029 | AN6: 2030 | AO6: 2031 | AP6: 2032
A7: 자 산 | C7: =C8+C9 -> 1561615 | D7: =C7/C$7 -> 1 | E7: =E8+E9 -> 7683258.6 | F7: =E7/E$7 -> 1 | G7: =G8+G9 -> 7944462 | H7: =G7/G$7 -> 1 | I7: =I8+I9 -> 8209320.2 | J7: =I7/I$7 -> 1 | K7: =K8+K9 -> 7153797.9 | L7: =K7/K$7 -> 1 | M7: =M8+M9 -> 7117017.7 | N7: =M7/M$7 -> 1 | O7: =O8+O9 -> 7099210.7 | P7: =O7/O$7 -> 1 | Q7: =Q8+Q9 -> 7163823.6 | R7: =Q7/Q$7 -> 1 | S7: =S8+S9 -> 7227078.5 | T7: =S7/S$7 -> 1 | U7: =U8+U9 -> 7305975.3 | V7: =U7/U$7 -> 1 | W7: =W8+W9 -> 7403329.7 | X7: =W7/W$7 -> 1 | Y7: =Y8+Y9 -> 7507419.1 | Z7: =Y7/Y$7 -> 1 | AA7: =AA8+AA9 -> 7624408.7 | AB7: =AA7/AA$7 -> 1
B8: 유 동 자 산 | C8: =AD8 -> 740921 | D8: =C8/C$7 -> 0.47445817 | E8: =AE8 -> 955684.12 | F8: =E8/E$7 -> 0.12438526 | G8: =AF8 -> 1219865.1 | H8: =G8/G$7 -> 0.15354911 | I8: =AG8 -> 1716831.9 | J8: =I8/I$7 -> 0.20913204 | K8: =AH8 -> 1422037.5 | L8: =K8/K$7 -> 0.19878078 | M8: =AI8 -> 1670243.3 | N8: =M8/M$7 -> 0.23468303 | O8: =AJ8 -> 1730329 | P8: =O8/O$7 -> 0.2437354 | Q8: =AK8 -> 1845752.3 | R8: =Q8/Q$7 -> 0.25764904 | S8: =AL8 -> 1948134.1 | T8: =S8/S$7 -> 0.26956039 | U8: =AM8 -> 1966437.4 | V8: =U8/U$7 -> 0.26915467 | W8: =AN8 -> 2000160.3 | X8: =W8/W$7 -> 0.27017037 | Y8: =AO8 -> 2031732 | Z8: =Y8/Y$7 -> 0.27062989 | AA8: =AP8 -> 2070270.4 | AB8: =AA8/AA$7 -> 0.27153193 | AD8: ='7-1. FS'!AB6 -> 740921 | AE8: ='7-1. FS'!AC6 -> 955684.12 | AF8: ='7-1. FS'!AD6 -> 1219865.1 | AG8: ='7-1. FS'!AE6 -> 1716831.9 | AH8: ='7-1. FS'!AF6 -> 1422037.5 | AI8: ='7-1. FS'!AG6 -> 1670243.3 | AJ8: ='7-1. FS'!AH6 -> 1730329 | AK8: ='7-1. FS'!AI6 -> 1845752.3 | ... AP8: ='7-1. FS'!AN6 -> 2070270.4
B9: 비유동 자 산 | C9: =AD9 -> 820694 | D9: =C9/C$7 -> 0.52554183 | E9: =AE9 -> 6727574.5 | F9: =E9/E$7 -> 0.87561474 | G9: =AF9 -> 6724596.9 | H9: =G9/G$7 -> 0.84645089 | I9: =AG9 -> 6492488.3 | J9: =I9/I$7 -> 0.79086796 | K9: =AH9 -> 5731760.4 | L9: =K9/K$7 -> 0.80121922 | M9: =AI9 -> 5446774.4 | N9: =M9/M$7 -> 0.76531697 | O9: =AJ9 -> 5368881.7 | P9: =O9/O$7 -> 0.7562646 | Q9: =AK9 -> 5318071.3 | R9: =Q9/Q$7 -> 0.74235096 | S9: =AL9 -> 5278944.4 | T9: =S9/S$7 -> 0.73043961 | U9: =AM9 -> 5339537.9 | V9: =U9/U$7 -> 0.73084533 | W9: =AN9 -> 5403169.4 | X9: =W9/W$7 -> 0.72982963 | Y9: =AO9 -> 5475687.1 | Z9: =Y9/Y$7 -> 0.72937011 | AA9: =AP9 -> 5554138.3 | AB9: =AA9/AA$7 -> 0.72846807 | AD9: ='7-1. FS'!AB7 -> 820694 | AE9: ='7-1. FS'!AC7 -> 6727574.5 | AF9: ='7-1. FS'!AD7 -> 6724596.9 | AG9: ='7-1. FS'!AE7 -> 6492488.3 | AH9: ='7-1. FS'!AF7 -> 5731760.4 | AI9: ='7-1. FS'!AG7 -> 5446774.4 | AJ9: ='7-1. FS'!AH7 -> 5368881.7 | AK9: ='7-1. FS'!AI7 -> 5318071.3 | ... AP9: ='7-1. FS'!AN7 -> 5554138.3
B10: - 현 금 / 예금 | C10: =AD10 -> 647462 | D10: =C10/C$7 -> 0.41461052 | E10: =AE10 -> 28090.512 | F10: =E10/E$7 -> 0.0036560675 | G10: =AF10 -> 321054.6 | H10: =G10/G$7 -> 0.040412378 | I10: =AG10 -> 374834.75 | J10: =I10/I$7 -> 0.045659658 | K10: =AH10 -> 30752.138 | L10: =K10/K$7 -> 0.0042987149 | M10: =AI10 -> 244366 | N10: =M10/M$7 -> 0.034335449 | O10: =AJ10 -> 100412.6 | P10: =O10/O$7 -> 0.014144192 | Q10: =AK10 -> 137632.44 | R10: =Q10/Q$7 -> 0.019212148 | S10: =AL10 -> 176713.27 | T10: =S10/S$7 -> 0.024451549 | U10: =AM10 -> 193648.29 | V10: =U10/U$7 -> 0.026505468 | W10: =AN10 -> 212276.82 | X10: =W10/W$7 -> 0.028673156 | Y10: =AO10 -> 232768.21 | Z10: =Y10/Y$7 -> 0.03100509 | AA10: =AP10 -> 255308.73 | AB10: =AA10/AA$7 -> 0.033485708 | AD10: ='7-1. FS'!AB8 -> 647462 | AE10: ='7-1. FS'!AC8 -> 28090.512 | AF10: ='7-1. FS'!AD8 -> 321054.6 | AG10: ='7-1. FS'!AE8 -> 374834.75 | AH10: ='7-1. FS'!AF8 -> 30752.138 | AI10: ='7-1. FS'!AG8 -> 244366 | AJ10: ='7-1. FS'!AH8 -> 100412.6 | AK10: ='7-1. FS'!AI8 -> 137632.44 | ... AP10: ='7-1. FS'!AN8 -> 255308.73
B11: - 매 출 채 권 | C11: =AD11 -> 48003 | D11: =C11/C$7 -> 0.030739331 | E11: =AE11 -> 837444.49 | F11: =E11/E$7 -> 0.108996 | G11: =AF11 -> 915549.76 | H11: =G11/G$7 -> 0.11524377 | I11: =AG11 -> 1002994.1 | J11: =I11/I$7 -> 0.12217748 | K11: =AH11 -> 978907.58 | L11: =K11/K$7 -> 0.13683747 | M11: =AI11 -> 960088.26 | N11: =M11/M$7 -> 0.13490036 | O11: =AJ11 -> 931750.11 | P11: =O11/O$7 -> 0.131247 | Q11: =AK11 -> 917455.76 | R11: =Q11/Q$7 -> 0.12806789 | S11: =AL11 -> 910526.26 | T11: =S11/S$7 -> 0.12598815 | U11: =AM11 -> 908759.48 | V11: =U11/U$7 -> 0.12438579 | W11: =AN11 -> 910249.69 | X11: =W11/W$7 -> 0.12295139 | Y11: =AO11 -> 914772.13 | Z11: =Y11/Y$7 -> 0.12184908 | AA11: =AP11 -> 921618.96 | AB11: =AA11/AA$7 -> 0.12087743 | AD11: ='7-1. FS'!AB9 -> 48003 | AE11: ='7-1. FS'!AC9 -> 837444.49 | AF11: ='7-1. FS'!AD9 -> 915549.76 | AG11: ='7-1. FS'!AE9 -> 1002994.1 | AH11: ='7-1. FS'!AF9 -> 978907.58 | AI11: ='7-1. FS'!AG9 -> 960088.26 | AJ11: ='7-1. FS'!AH9 -> 931750.11 | AK11: ='7-1. FS'!AI9 -> 917455.76 | ... AP11: ='7-1. FS'!AN9 -> 921618.96
B12: - 재 고 자 산 | C12: =AD12 -> 35036 | D12: =C12/C$7 -> 0.022435748 | E12: =AE12 -> 172439.35 | F12: =E12/E$7 -> 0.022443517 | G12: =AF12 -> 201528.53 | H12: =G12/G$7 -> 0.025367172 | I12: =AG12 -> 287483.3 | J12: =I12/I$7 -> 0.035019136 | K12: =AH12 -> 293653.46 | L12: =K12/K$7 -> 0.04104861 | M12: =AI12 -> 329648 | N12: =M12/M$7 -> 0.046318278 | O12: =AJ12 -> 315316.96 | P12: =O12/O$7 -> 0.044415777 | Q12: =AK12 -> 321681.1 | R12: =Q12/Q$7 -> 0.044903549 | S12: =AL12 -> 328064.98 | T12: =S12/S$7 -> 0.045393859 | U12: =AM12 -> 334878.58 | V12: =U12/U$7 -> 0.04583626 | W12: =AN12 -> 341775.22 | X12: =W12/W$7 -> 0.046165068 | Y12: =AO12 -> 349359.37 | Z12: =Y12/Y$7 -> 0.046535217 | AA12: =AP12 -> 357550.85 | AB12: =AA12/AA$7 -> 0.046895551 | AD12: ='7-1. FS'!AB10 -> 35036 | AE12: ='7-1. FS'!AC10 -> 172439.35 | AF12: ='7-1. FS'!AD10 -> 201528.53 | AG12: ='7-1. FS'!AE10 -> 287483.3 | AH12: ='7-1. FS'!AF10 -> 293653.46 | AI12: ='7-1. FS'!AG10 -> 329648 | AJ12: ='7-1. FS'!AH10 -> 315316.96 | AK12: ='7-1. FS'!AI10 -> 321681.1 | ... AP12: ='7-1. FS'!AN10 -> 357550.85
B13: - 기타유동자산 | C13: =AD13 -> 10420 | D13: =C13/C$7 -> 0.0066725793 | E13: =AE13 -> 84232.409 | F13: =E13/E$7 -> 0.01096311 | G13: =AF13 -> 96415.695 | H13: =G13/G$7 -> 0.012136214 | I13: =AG13 -> 293889.78 | J13: =I13/I$7 -> 0.035799527 | K13: =AH13 -> 291347.92 | L13: =K13/K$7 -> 0.040726328 | M13: =AI13 -> 288319 | N13: =M13/M$7 -> 0.04051121 | O13: =AJ13 -> 262845.47 | P13: =O13/O$7 -> 0.037024604 | Q13: =AK13 -> 262845.47 | R13: =Q13/Q$7 -> 0.036690667 | S13: =AL13 -> 262845.47 | T13: =S13/S$7 -> 0.036369532 | U13: =AM13 -> 262845.47 | V13: =U13/U$7 -> 0.03597678 | W13: =AN13 -> 262845.47 | X13: =W13/W$7 -> 0.035503683 | Y13: =AO13 -> 262845.47 | Z13: =Y13/Y$7 -> 0.035011429 | AA13: =AP13 -> 262845.47 | AB13: =AA13/AA$7 -> 0.03447421 | AD13: ='7-1. FS'!AB11 -> 10420 | AE13: ='7-1. FS'!AC11 -> 84232.409 | AF13: ='7-1. FS'!AD11 -> 96415.695 | AG13: ='7-1. FS'!AE11 -> 293889.78 | AH13: ='7-1. FS'!AF11 -> 291347.92 | AI13: ='7-1. FS'!AG11 -> 288319 | AJ13: ='7-1. FS'!AH11 -> 262845.47 | AK13: ='7-1. FS'!AI11 -> 262845.47 | ... AP13: ='7-1. FS'!AN11 -> 262845.47
B14: - 투자유가증권 | C14: =AD14 -> 498903 | D14: =C14/C$7 -> 0.31947887 | E14: =AE14 -> 2941235 | F14: =E14/E$7 -> 0.38281088 | G14: =AF14 -> 2616886.8 | H14: =G14/G$7 -> 0.32939761 | I14: =AG14 -> 2454872.8 | J14: =I14/I$7 -> 0.29903484 | K14: =AH14 -> 1456723.1 | L14: =K14/K$7 -> 0.20362934 | M14: =AI14 -> 1352286 | N14: =M14/M$7 -> 0.1900074 | O14: =AJ14 -> 1462879.6 | P14: =O14/O$7 -> 0.20606229 | Q14: =AK14 -> 1454738.7 | R14: =Q14/Q$7 -> 0.20306735 | S14: =AL14 -> 1437203.5 | T14: =S14/S$7 -> 0.19886369 | U14: =AM14 -> 1426295.8 | V14: =U14/U$7 -> 0.19522319 | W14: =AN14 -> 1428089.5 | X14: =W14/W$7 -> 0.19289827 | Y14: =AO14 -> 1423693.3 | Z14: =Y14/Y$7 -> 0.18963818 | AA14: =AP14 -> 1422327.3 | AB14: =AA14/AA$7 -> 0.1865492 | AD14: ='7-1. FS'!AB12 -> 498903 | AE14: ='7-1. FS'!AC12 -> 2941235 | AF14: ='7-1. FS'!AD12 -> 2616886.8 | AG14: ='7-1. FS'!AE12 -> 2454872.8 | AH14: ='7-1. FS'!AF12 -> 1456723.1 | AI14: ='7-1. FS'!AG12 -> 1352286 | AJ14: ='7-1. FS'!AH12 -> 1462879.6 | AK14: ='7-1. FS'!AI12 -> 1454738.7 | ... AP14: ='7-1. FS'!AN12 -> 1422327.3
B15: - 기타 투자자산 | C15: =AD15 -> 203 | D15: =C15/C$7 -> 0.00012999363 | E15: =AE15 -> 961828.78 | F15: =E15/E$7 -> 0.12518501 | G15: =AF15 -> 1008387.5 | H15: =G15/G$7 -> 0.12692961 | I15: =AG15 -> 823561.67 | J15: =I15/I$7 -> 0.10032033 | K15: =AH15 -> 870140.41 | L15: =K15/K$7 -> 0.12163335 | M15: =AI15 -> 818405.41 | N15: =M15/M$7 -> 0.11499275 | O15: =AJ15 -> 852418.61 | P15: =O15/O$7 -> 0.12007231 | Q15: =AK15 -> 862598.51 | R15: =Q15/Q$7 -> 0.12041035 | S15: =AL15 -> 873234.7 | T15: =S15/S$7 -> 0.12082817 | U15: =AM15 -> 889387.34 | V15: =U15/U$7 -> 0.12173424 | W15: =AN15 -> 904310.38 | X15: =W15/W$7 -> 0.12214914 | Y15: =AO15 -> 921235.83 | Z15: =Y15/Y$7 -> 0.12271006 | AA15: =AP15 -> 940896.57 | AB15: =AA15/AA$7 -> 0.12340584 | AD15: ='7-1. FS'!AB13 -> 203 | AE15: ='7-1. FS'!AC13 -> 961828.78 | AF15: ='7-1. FS'!AD13 -> 1008387.5 | AG15: ='7-1. FS'!AE13 -> 823561.67 | AH15: ='7-1. FS'!AF13 -> 870140.41 | AI15: ='7-1. FS'!AG13 -> 818405.41 | AJ15: ='7-1. FS'!AH13 -> 852418.61 | AK15: ='7-1. FS'!AI13 -> 862598.51 | ... AP15: ='7-1. FS'!AN13 -> 940896.57
B16: - 유 형 자 산 | C16: =AD16 -> 308483 | D16: =C16/C$7 -> 0.19754101 | E16: =AE16 -> 2477085.3 | F16: =E16/E$7 -> 0.32240035 | G16: =AF16 -> 2625759.9 | H16: =G16/G$7 -> 0.3305145 | I16: =AG16 -> 2817749.3 | J16: =I16/I$7 -> 0.34323784 | K16: =AH16 -> 3064878.9 | L16: =K16/K$7 -> 0.42842682 | M16: =AI16 -> 2968681 | N16: =M16/M$7 -> 0.4171243 | O16: =AJ16 -> 3016986.9 | P16: =O16/O$7 -> 0.42497498 | Q16: =AK16 -> 3048881.1 | R16: =Q16/Q$7 -> 0.42559411 | S16: =AL16 -> 3079095.8 | T16: =S16/S$7 -> 0.42604985 | U16: =AM16 -> 3129347.7 | V16: =U16/U$7 -> 0.42832716 | W16: =AN16 -> 3181537.7 | X16: =W16/W$7 -> 0.42974416 | Y16: =AO16 -> 3239053.3 | Z16: =Y16/Y$7 -> 0.43144698 | AA16: =AP16 -> 3298708.3 | AB16: =AA16/AA$7 -> 0.43265103 | AD16: ='7-1. FS'!AB14 -> 308483 | AE16: ='7-1. FS'!AC14 -> 2477085.3 | AF16: ='7-1. FS'!AD14 -> 2625759.9 | AG16: ='7-1. FS'!AE14 -> 2817749.3 | AH16: ='7-1. FS'!AF14 -> 3064878.9 | AI16: ='7-1. FS'!AG14 -> 2968681 | AJ16: ='7-1. FS'!AH14 -> 3016986.9 | AK16: ='7-1. FS'!AI14 -> 3048881.1 | ... AP16: ='7-1. FS'!AN14 -> 3298708.3
B17: - 무 형 자 산 | C17: =AD17 -> 13105 | D17: =C17/C$7 -> 0.0083919532 | E17: =AE17 -> 180902.79 | F17: =E17/E$7 -> 0.02354506 | G17: =AF17 -> 158879.26 | H17: =G17/G$7 -> 0.019998744 | I17: =AG17 -> 153934.49 | J17: =I17/I$7 -> 0.018751186 | K17: =AH17 -> 167394.39 | L17: =K17/K$7 -> 0.023399374 | M17: =AI17 -> 155224 | N17: =M17/M$7 -> 0.021810259 | O17: =AJ17 -> 156600.38 | P17: =O17/O$7 -> 0.022058844 | Q17: =AK17 -> 157990.52 | R17: =Q17/Q$7 -> 0.022053938 | S17: =AL17 -> 159394.57 | T17: =S17/S$7 -> 0.022055187 | U17: =AM17 -> 160812.65 | V17: =U17/U$7 -> 0.022011114 | W17: =AN17 -> 162244.92 | X17: =W17/W$7 -> 0.021915128 | Y17: =AO17 -> 163691.51 | Z17: =Y17/Y$7 -> 0.021803966 | AA17: =AP17 -> 165152.57 | AB17: =AA17/AA$7 -> 0.021661033 | AD17: ='7-1. FS'!AB15 -> 13105 | AE17: ='7-1. FS'!AC15 -> 180902.79 | AF17: ='7-1. FS'!AD15 -> 158879.26 | AG17: ='7-1. FS'!AE15 -> 153934.49 | AH17: ='7-1. FS'!AF15 -> 167394.39 | AI17: ='7-1. FS'!AG15 -> 155224 | AJ17: ='7-1. FS'!AH15 -> 156600.38 | AK17: ='7-1. FS'!AI15 -> 157990.52 | ... AP17: ='7-1. FS'!AN15 -> 165152.57
A18: 부 채 | C18: =C19+C20 -> 312868 | D18: =C18/C$7 -> 0.200349 | E18: =E19+E20 -> 3571988.1 | F18: =E18/E$7 -> 0.46490536 | G18: =G19+G20 -> 3834672.2 | H18: =G18/G$7 -> 0.48268495 | I18: =I19+I20 -> 4126787.2 | J18: =I18/I$7 -> 0.50269537 | K18: =K19+K20 -> 3951434.8 | L18: =K18/K$7 -> 0.55235483 | M18: =M19+M20 -> 3790614.9 | N18: =M18/M$7 -> 0.53261283 | O18: =O19+O20 -> 3663172.6 | P18: =O18/O$7 -> 0.51599717 | Q18: =Q19+Q20 -> 3614257.3 | R18: =Q18/Q$7 -> 0.50451511 | S18: =S19+S20 -> 3575964.5 | T18: =S18/S$7 -> 0.49480084 | U18: =U19+U20 -> 3551876.7 | V18: =U18/U$7 -> 0.48616051 | W18: =W19+W20 -> 3534590 | X18: =W18/W$7 -> 0.47743247 | Y18: =Y19+Y20 -> 3523282.1 | Z18: =Y18/Y$7 -> 0.4693067 | AA18: =AA19+AA20 -> 3518550.9 | AB18: =AA18/AA$7 -> 0.46148508
B19: 유 동 부 채 | C19: =AD19 -> 285467 | D19: =C19/C$7 -> 0.18280242 | E19: =AE19 -> 1569402.2 | F19: =E19/E$7 -> 0.20426258 | G19: =AF19 -> 1726933.7 | H19: =G19/G$7 -> 0.21737579 | I19: =AG19 -> 2077661.1 | J19: =I19/I$7 -> 0.25308565 | K19: =AH19 -> 1747740.3 | L19: =K19/K$7 -> 0.24430944 | M19: =AI19 -> 1726640.3 | N19: =M19/M$7 -> 0.24260728 | O19: =AJ19 -> 1793843.7 | P19: =O19/O$7 -> 0.25268214 | Q19: =AK19 -> 1603385.6 | R19: =Q19/Q$7 -> 0.22381702 | S19: =AL19 -> 1613813 | T19: =S19/S$7 -> 0.22330087 | U19: =AM19 -> 1631567.1 | V19: =U19/U$7 -> 0.22331955 | W19: =AN19 -> 1651298.1 | X19: =W19/W$7 -> 0.22304803 | Y19: =AO19 -> 1671790.3 | Z19: =Y19/Y$7 -> 0.22268509 | AA19: =AP19 -> 1696078.5 | AB19: =AA19/AA$7 -> 0.22245377 | AD19: ='7-1. FS'!AB17 -> 285467 | AE19: ='7-1. FS'!AC17 -> 1569402.2 | AF19: ='7-1. FS'!AD17 -> 1726933.7 | AG19: ='7-1. FS'!AE17 -> 2077661.1 | AH19: ='7-1. FS'!AF17 -> 1747740.3 | AI19: ='7-1. FS'!AG17 -> 1726640.3 | AJ19: ='7-1. FS'!AH17 -> 1793843.7 | AK19: ='7-1. FS'!AI17 -> 1603385.6 | ... AP19: ='7-1. FS'!AN17 -> 1696078.5
B20: 비유동 부 채 | C20: =AD20 -> 27401 | D20: =C20/C$7 -> 0.017546578 | E20: =AE20 -> 2002585.8 | F20: =E20/E$7 -> 0.26064277 | G20: =AF20 -> 2107738.5 | H20: =G20/G$7 -> 0.26530916 | I20: =AG20 -> 2049126.1 | J20: =I20/I$7 -> 0.24960972 | K20: =AH20 -> 2203694.5 | L20: =K20/K$7 -> 0.30804539 | M20: =AI20 -> 2063974.7 | N20: =M20/M$7 -> 0.29000556 | O20: =AJ20 -> 1869328.9 | P20: =O20/O$7 -> 0.26331503 | Q20: =AK20 -> 2010871.6 | R20: =Q20/Q$7 -> 0.2806981 | S20: =AL20 -> 1962151.6 | T20: =S20/S$7 -> 0.27149997 | U20: =AM20 -> 1920309.6 | V20: =U20/U$7 -> 0.26284096 | W20: =AN20 -> 1883291.9 | X20: =W20/W$7 -> 0.25438445 | Y20: =AO20 -> 1851491.8 | Z20: =Y20/Y$7 -> 0.24662161 | AA20: =AP20 -> 1822472.4 | AB20: =AA20/AA$7 -> 0.23903131 | AD20: ='7-1. FS'!AB18 -> 27401 | AE20: ='7-1. FS'!AC18 -> 2002585.8 | AF20: ='7-1. FS'!AD18 -> 2107738.5 | AG20: ='7-1. FS'!AE18 -> 2049126.1 | AH20: ='7-1. FS'!AF18 -> 2203694.5 | AI20: ='7-1. FS'!AG18 -> 2063974.7 | AJ20: ='7-1. FS'!AH18 -> 1869328.9 | AK20: ='7-1. FS'!AI18 -> 2010871.6 | ... AP20: ='7-1. FS'!AN18 -> 1822472.4
B21: - 매 입 채 무 | C21: =AD21 -> 194499 | D21: =C21/C$7 -> 0.12454991 | E21: =AE21 -> 659735.5 | F21: =E21/E$7 -> 0.085866627 | G21: =AF21 -> 765132.34 | H21: =G21/G$7 -> 0.096310151 | I21: =AG21 -> 970546.57 | J21: =I21/I$7 -> 0.11822496 | K21: =AH21 -> 682292.62 | L21: =K21/K$7 -> 0.09537488 | M21: =AI21 -> 715911.26 | N21: =M21/M$7 -> 0.10059147 | O21: =AJ21 -> 689994.65 | P21: =O21/O$7 -> 0.09719315 | Q21: =AK21 -> 696242.99 | R21: =Q21/Q$7 -> 0.09718874 | S21: =AL21 -> 702783.33 | T21: =S21/S$7 -> 0.097243073 | U21: =AM21 -> 710080.99 | V21: =U21/U$7 -> 0.097191815 | W21: =AN21 -> 717764.21 | X21: =W21/W$7 -> 0.09695154 | Y21: =AO21 -> 726783.83 | Z21: =Y21/Y$7 -> 0.096808746 | AA21: =AP21 -> 737053.25 | AB21: =AA21/AA$7 -> 0.096670217 | AD21: ='7-1. FS'!AB19 -> 194499 | AE21: ='7-1. FS'!AC19 -> 659735.5 | AF21: ='7-1. FS'!AD19 -> 765132.34 | AG21: ='7-1. FS'!AE19 -> 970546.57 | AH21: ='7-1. FS'!AF19 -> 682292.62 | AI21: ='7-1. FS'!AG19 -> 715911.26 | AJ21: ='7-1. FS'!AH19 -> 689994.65 | AK21: ='7-1. FS'!AI19 -> 696242.99 | ... AP21: ='7-1. FS'!AN19 -> 737053.25
B22: - 차 입 부 채 | C22: =AD22 -> 0 | D22: =C22/C$7 -> 0 | E22: =AE22 -> 2205403.2 | F22: =E22/E$7 -> 0.28704009 | G22: =AF22 -> 2404040.3 | H22: =G22/G$7 -> 0.30260581 | I22: =AG22 -> 2516806.5 | J22: =I22/I$7 -> 0.30657916 | K22: =AH22 -> 2618622.2 | L22: =K22/K$7 -> 0.36604644 | M22: =AI22 -> 2421304.7 | N22: =M22/M$7 -> 0.34021338 | O22: =AJ22 -> 2377646.1 | P22: =O22/O$7 -> 0.33491697 | Q22: =AK22 -> 2328829.5 | R22: =Q22/Q$7 -> 0.32508192 | S22: =AL22 -> 2294839.6 | T22: =S22/S$7 -> 0.31753351 | U22: =AM22 -> 2265347 | V22: =U22/U$7 -> 0.31006771 | W22: =AN22 -> 2238919.5 | X22: =W22/W$7 -> 0.30242061 | Y22: =AO22 -> 2217127 | Z22: =Y22/Y$7 -> 0.29532479 | AA22: =AP22 -> 2197500 | AB22: =AA22/AA$7 -> 0.28821908 | AD22: ='7-1. FS'!AB20 -> 0 | AE22: ='7-1. FS'!AC20 -> 2205403.2 | AF22: ='7-1. FS'!AD20 -> 2404040.3 | AG22: ='7-1. FS'!AE20 -> 2516806.5 | AH22: ='7-1. FS'!AF20 -> 2618622.2 | AI22: ='7-1. FS'!AG20 -> 2421304.7 | AJ22: ='7-1. FS'!AH20 -> 2377646.1 | AK22: ='7-1. FS'!AI20 -> 2328829.5 | ... AP22: ='7-1. FS'!AN20 -> 2197500
B23: - 미지급법인세 | C23: =AD23 -> 19688 | D23: =C23/C$7 -> 0.012607461 | E23: =AE23 -> 35657.102 | F23: =E23/E$7 -> 0.0046408827 | G23: =AF23 -> 24519.526 | H23: =G23/G$7 -> 0.003086367 | I23: =AG23 -> 31886.345 | J23: =I23/I$7 -> 0.0038841639 | K23: =AH23 -> 28809.482 | L23: =K23/K$7 -> 0.004027159 | M23: =AI23 -> 21283 | N23: =M23/M$7 -> 0.002990438 | O23: =AJ23 -> 22567.488 | P23: =O23/O$7 -> 0.0031788729 | Q23: =AK23 -> 26966.739 | R23: =Q23/Q$7 -> 0.0037642941 | S23: =AL23 -> 26813.889 | T23: =S23/S$7 -> 0.0037101975 | U23: =AM23 -> 26982.123 | V23: =U23/U$7 -> 0.0036931582 | W23: =AN23 -> 28910.218 | X23: =W23/W$7 -> 0.0039050291 | Y23: =AO23 -> 29802.11 | Z23: =Y23/Y$7 -> 0.0039696878 | AA23: =AP23 -> 31168.315 | AB23: =AA23/AA$7 -> 0.0040879649 | AD23: ='7-1. FS'!AB21 -> 19688 | AE23: ='7-1. FS'!AC21 -> 35657.102 | AF23: ='7-1. FS'!AD21 -> 24519.526 | AG23: ='7-1. FS'!AE21 -> 31886.345 | AH23: ='7-1. FS'!AF21 -> 28809.482 | AI23: ='7-1. FS'!AG21 -> 21283 | AJ23: ='7-1. FS'!AH21 -> 22567.488 | AK23: ='7-1. FS'!AI21 -> 26966.739 | ... AP23: ='7-1. FS'!AN21 -> 31168.315
B24: - 고객충당금 | C24: =AD24 -> 2806 | D24: =C24/C$7 -> 0.0017968577 | E24: =AE24 -> 2799 | F24: =E24/E$7 -> 0.00036429856 | G24: =AF24 -> 2932 | H24: =G24/G$7 -> 0.00036906212 | I24: =AG24 -> 3113 | J24: =I24/I$7 -> 0.00037920314 | K24: =AH24 -> 2438 | L24: =K24/K$7 -> 0.000340798 | M24: =AI24 -> 1447 | N24: =M24/M$7 -> 0.0002033155 | O24: =AJ24 -> 2168.1507 | P24: =O24/O$7 -> 0.00030540729 | Q24: =AK24 -> 2147.3454 | R24: =Q24/Q$7 -> 0.0002997485 | S24: =AL24 -> 2126.8471 | T24: =S24/S$7 -> 0.00029428863 | U24: =AM24 -> 2106.6508 | V24: =U24/U$7 -> 0.00028834628 | W24: =AN24 -> 2088.9636 | X24: =W24/W$7 -> 0.00028216542 | Y24: =AO24 -> 2075.185 | Z24: =Y24/Y$7 -> 0.0002764179 | AA24: =AP24 -> 2065.8553 | AB24: =AA24/AA$7 -> 0.00027095285 | AD24: ='7-1. FS'!AB22 -> 2806 | AE24: ='7-1. FS'!AC22 -> 2799 | AF24: ='7-1. FS'!AD22 -> 2932 | AG24: ='7-1. FS'!AE22 -> 3113 | AH24: ='7-1. FS'!AF22 -> 2438 | AI24: ='7-1. FS'!AG22 -> 1447 | AJ24: ='7-1. FS'!AH22 -> 2168.1507 | AK24: ='7-1. FS'!AI22 -> 2147.3454 | ... AP24: ='7-1. FS'!AN22 -> 2065.8553
B25: - 기타유동부채 | C25: =AD25 -> 68474 | D25: =C25/C$7 -> 0.043848196 | E25: =AE25 -> 307736.79 | F25: =E25/E$7 -> 0.0400529 | G25: =AF25 -> 310385.76 | H25: =G25/G$7 -> 0.039069449 | I25: =AG25 -> 322579.45 | J25: =I25/I$7 -> 0.039294295 | K25: =AH25 -> 333914.12 | L25: =K25/K$7 -> 0.046676482 | M25: =AI25 -> 344466 | N25: =M25/M$7 -> 0.048400329 | O25: =AJ25 -> 337317.33 | P25: =O25/O$7 -> 0.047514765 | Q25: =AK25 -> 343600.55 | R25: =Q25/Q$7 -> 0.04796329 | S25: =AL25 -> 344011.31 | T25: =S25/S$7 -> 0.047600328 | U25: =AM25 -> 349645.02 | V25: =U25/U$7 -> 0.047857406 | W25: =AN25 -> 354408.96 | X25: =W25/W$7 -> 0.047871563 | Y25: =AO25 -> 358573.48 | Z25: =Y25/Y$7 -> 0.04776255 | AA25: =AP25 -> 364311.72 | AB25: =AA25/AA$7 -> 0.047782292 | AD25: ='7-1. FS'!AB23 -> 68474 | AE25: ='7-1. FS'!AC23 -> 307736.79 | AF25: ='7-1. FS'!AD23 -> 310385.76 | AG25: ='7-1. FS'!AE23 -> 322579.45 | AH25: ='7-1. FS'!AF23 -> 333914.12 | AI25: ='7-1. FS'!AG23 -> 344466 | AJ25: ='7-1. FS'!AH23 -> 337317.33 | AK25: ='7-1. FS'!AI23 -> 343600.55 | ... AP25: ='7-1. FS'!AN23 -> 364311.72
B26: - 퇴직 충당금 | C26: =AD26 -> 2824 | D26: =C26/C$7 -> 0.0018083843 | E26: =AE26 -> 1056 | F26: =E26/E$7 -> 0.00013744168 | G26: =AF26 -> -7713 | H26: =G26/G$7 -> -0.00097086499 | I26: =AG26 -> -9394 | J26: =I26/I$7 -> -0.0011443091 | K26: =AH26 -> -1698 | L26: =K26/K$7 -> -0.00023735644 | M26: =AI26 -> -4265 | N26: =M26/M$7 -> -0.00059926787 | O26: =AJ26 -> -4265 | P26: =O26/O$7 -> -0.00060077101 | Q26: =AK26 -> -4265 | R26: =Q26/Q$7 -> -0.00059535246 | S26: =AL26 -> -4265 | T26: =S26/S$7 -> -0.00059014164 | U26: =AM26 -> -4265 | V26: =U26/U$7 -> -0.00058376874 | W26: =AN26 -> -4265 | X26: =W26/W$7 -> -0.00057609213 | Y26: =AO26 -> -4265 | Z26: =Y26/Y$7 -> -0.00056810469 | AA26: =AP26 -> -4265 | AB26: =AA26/AA$7 -> -0.00055938764 | AD26: ='7-1. FS'!AB24 -> 2824 | AE26: ='7-1. FS'!AC24 -> 1056 | AF26: ='7-1. FS'!AD24 -> -7713 | AG26: ='7-1. FS'!AE24 -> -9394 | AH26: ='7-1. FS'!AF24 -> -1698 | AI26: ='7-1. FS'!AG24 -> -4265 | AJ26: ='7-1. FS'!AH24 -> -4265 | AK26: ='7-1. FS'!AI24 -> -4265 | ... AP26: ='7-1. FS'!AN24 -> -4265
B27: - 기타비유동부채 | C27: =AD27 -> 24577 | D27: =C27/C$7 -> 0.015738194 | E27: =AE27 -> 359600.44 | F27: =E27/E$7 -> 0.046803115 | G27: =AF27 -> 335375.28 | H27: =G27/G$7 -> 0.042214977 | I27: =AG27 -> 291249.35 | J27: =I27/I$7 -> 0.035477889 | K27: =AH27 -> 287056.38 | L27: =K27/K$7 -> 0.040126432 | M27: =AI27 -> 290468 | N27: =M27/M$7 -> 0.040813163 | O27: =AJ27 -> 237743.86 | P27: =O27/O$7 -> 0.033488774 | Q27: =AK27 -> 220735.16 | R27: =Q27/Q$7 -> 0.030812478 | S27: =AL27 -> 209654.52 | T27: =S27/S$7 -> 0.029009582 | U27: =AM27 -> 201979.83 | V27: =U27/U$7 -> 0.027645842 | W27: =AN27 -> 196763.16 | X27: =W27/W$7 -> 0.026577657 | Y27: =AO27 -> 193185.52 | Z27: =Y27/Y$7 -> 0.025732614 | AA27: =AP27 -> 190716.72 | AB27: =AA27/AA$7 -> 0.025013968 | AD27: ='7-1. FS'!AB25 -> 24577 | AE27: ='7-1. FS'!AC25 -> 359600.44 | AF27: ='7-1. FS'!AD25 -> 335375.28 | AG27: ='7-1. FS'!AE25 -> 291249.35 | AH27: ='7-1. FS'!AF25 -> 287056.38 | AI27: ='7-1. FS'!AG25 -> 290468 | AJ27: ='7-1. FS'!AH25 -> 237743.86 | AK27: ='7-1. FS'!AI25 -> 220735.16 | ... AP27: ='7-1. FS'!AN25 -> 190716.72
A28: 자 본 | C28: =SUM(C29:C31,C33:C34) -> 1248747 | D28: =C28/C$7 -> 0.799651 | E28: =SUM(E29:E31,E33:E34) -> 4111270.1 | F28: =E28/E$7 -> 0.53509459 | G28: =SUM(G29:G31,G33:G34) -> 4112557.7 | H28: =G28/G$7 -> 0.51766347 | I28: =SUM(I29:I31,I33:I34) -> 4085300.9 | J28: =I28/I$7 -> 0.49764181 | K28: =SUM(K29:K31,K33:K34) -> 3205131 | L28: =K28/K$7 -> 0.44803209 | M28: =SUM(M29:M31,M33:M34) -> 3329170.7 | N28: =M28/M$7 -> 0.4677761 | O28: =SUM(O29:O31,O33:O34) -> 3438806.1 | P28: =O28/O$7 -> 0.48439274 | Q28: =SUM(Q29:Q31,Q33:Q34) -> 3552334.3 | R28: =Q28/Q$7 -> 0.49587127 | S28: =SUM(S29:S31,S33:S34) -> 3653882 | T28: =S28/S$7 -> 0.50558216 | U28: =SUM(U29:U31,U33:U34) -> 3756866.6 | V28: =U28/U$7 -> 0.51421836 | W28: =SUM(W29:W31,W33:W34) -> 3871507.7 | X28: =W28/W$7 -> 0.52294141 | Y28: =SUM(Y29:Y31,Y33:Y34) -> 3986905 | Z28: =Y28/Y$7 -> 0.531062 | AA28: =SUM(AA29:AA31,AA33:AA34) -> 4108625.8 | AB28: =AA28/AA$7 -> 0.53887796
B29: - 자 본 금 | C29: =AD29 -> 32813 | D29: =C29/C$7 -> 0.021012221 | E29: =AE29 -> 104718 | F29: =E29/E$7 -> 0.013629373 | G29: =AF29 -> 104718 | H29: =G29/G$7 -> 0.013181258 | I29: =AG29 -> 104718 | J29: =I29/I$7 -> 0.012755989 | K29: =AH29 -> 83607.493 | L29: =K29/K$7 -> 0.011687148 | M29: =AI29 -> 83607 | N29: =M29/M$7 -> 0.011747477 | O29: =AJ29 -> 83607.493 | P29: =O29/O$7 -> 0.011777012 | Q29: =AK29 -> 83607.493 | R29: =Q29/Q$7 -> 0.011670792 | S29: =AL29 -> 83607.493 | T29: =S29/S$7 -> 0.011568643 | U29: =AM29 -> 83607.493 | V29: =U29/U$7 -> 0.011443714 | W29: =AN29 -> 83607.493 | X29: =W29/W$7 -> 0.011293228 | Y29: =AO29 -> 83607.493 | Z29: =Y29/Y$7 -> 0.011136649 | AA29: =AP29 -> 83607.493 | AB29: =AA29/AA$7 -> 0.010965767 | AD29: ='7-1. FS'!AB27 -> 32813 | AE29: ='7-1. FS'!AC27 -> 104718 | AF29: ='7-1. FS'!AD27 -> 104718 | AG29: ='7-1. FS'!AE27 -> 104718 | AH29: ='7-1. FS'!AF27 -> 83607.493 | AI29: ='7-1. FS'!AG27 -> 83607 | AJ29: ='7-1. FS'!AH27 -> 83607.493 | AK29: ='7-1. FS'!AI27 -> 83607.493 | ... AP29: ='7-1. FS'!AN27 -> 83607.493
B30: - 자본잉여금 | C30: =AD30 -> 110531 | D30: =C30/C$7 -> 0.07077993 | E30: =AE30 -> 1195692.5 | F30: =E30/E$7 -> 0.15562309 | G30: =AF30 -> 1195692.5 | H30: =G30/G$7 -> 0.15050641 | I30: =AG30 -> 1195692.5 | J30: =I30/I$7 -> 0.14565061 | K30: =AH30 -> 966458.25 | L30: =K30/K$7 -> 0.13509723 | M30: =AI30 -> 966458 | N30: =M30/M$7 -> 0.13579536 | O30: =AJ30 -> 966458 | P30: =O30/O$7 -> 0.13613598 | Q30: =AK30 -> 966458 | R30: =Q30/Q$7 -> 0.13490812 | S30: =AL30 -> 966458 | T30: =S30/S$7 -> 0.13372734 | U30: =AM30 -> 966458 | V30: =U30/U$7 -> 0.13228323 | W30: =AN30 -> 966458 | X30: =W30/W$7 -> 0.13054369 | Y30: =AO30 -> 966458 | Z30: =Y30/Y$7 -> 0.12873372 | AA30: =AP30 -> 966458 | AB30: =AA30/AA$7 -> 0.12675842 | AD30: ='7-1. FS'!AB28 -> 110531 | AE30: ='7-1. FS'!AC28 -> 1195692.5 | AF30: ='7-1. FS'!AD28 -> 1195692.5 | AG30: ='7-1. FS'!AE28 -> 1195692.5 | AH30: ='7-1. FS'!AF28 -> 966458.25 | AI30: ='7-1. FS'!AG28 -> 966458 | AJ30: ='7-1. FS'!AH28 -> 966458 | AK30: ='7-1. FS'!AI28 -> 966458 | ... AP30: ='7-1. FS'!AN28 -> 966458
B31: - 이익잉여금 | C31: =AD31 -> 1199179 | D31: =C31/C$7 -> 0.7679095 | E31: =AE31 -> 2893792.9 | F31: =E31/E$7 -> 0.37663615 | G31: =AF31 -> 2865790.2 | H31: =G31/G$7 -> 0.36072804 | I31: =AG31 -> 2791700.9 | J31: =I31/I$7 -> 0.34006481 | K31: =AH31 -> 2670425.8 | L31: =K31/K$7 -> 0.37328784 | M31: =AI31 -> 2754868.7 | N31: =M31/M$7 -> 0.3870819 | O31: =AJ31 -> 2864503.6 | P31: =O31/O$7 -> 0.40349607 | Q31: =AK31 -> 2978031.8 | R31: =Q31/Q$7 -> 0.41570424 | S31: =AL31 -> 3079579.5 | T31: =S31/S$7 -> 0.42611679 | U31: =AM31 -> 3182564.1 | V31: =U31/U$7 -> 0.43561113 | W31: =AN31 -> 3297205.2 | X31: =W31/W$7 -> 0.44536787 | Y31: =AO31 -> 3412602.5 | Z31: =Y31/Y$7 -> 0.454564 | AA31: =AP31 -> 3534323.3 | AB31: =AA31/AA$7 -> 0.46355376 | AD31: ='7-1. FS'!AB29 -> 1199179 | AE31: ='7-1. FS'!AC29 -> 2893792.9 | AF31: ='7-1. FS'!AD29 -> 2865790.2 | AG31: ='7-1. FS'!AE29 -> 2791700.9 | AH31: ='7-1. FS'!AF29 -> 2670425.8 | AI31: ='7-1. FS'!AG29 -> 2754868.7 | AJ31: ='7-1. FS'!AH29 -> 2864503.6 | AK31: ='7-1. FS'!AI29 -> 2978031.8 | ... AP31: ='7-1. FS'!AN29 -> 3534323.3
B32: (당기순이익) | C32: =AD32 -> 128898 | D32: =C32/C$7 -> 0.082541471 | E32: =AE32 -> 932196.84 | F32: =E32/E$7 -> 0.12132832 | G32: =AF32 -> 70312.077 | H32: =G32/G$7 -> 0.0088504516 | I32: =AG32 -> 35030.456 | J32: =I32/I$7 -> 0.0042671568 | K32: =AH32 -> -60803.697 | L32: =K32/K$7 -> -0.0084994988 | M32: =AI32 -> 84116.796 | N32: =M32/M$7 -> 0.011819107 | O32: =AJ32 -> 143282.28 | P32: =O32/O$7 -> 0.020182847 | Q32: =AK32 -> 170841.24 | R32: =Q32/Q$7 -> 0.023847773 | S32: =AL32 -> 169883.72 | T32: =S32/S$7 -> 0.023506555 | U32: =AM32 -> 170937.61 | V32: =U32/U$7 -> 0.02339696 | W32: =AN32 -> 183016.09 | X32: =W32/W$7 -> 0.024720781 | Y32: =AO32 -> 188603.32 | Z32: =Y32/Y$7 -> 0.025122257 | AA32: =AP32 -> 197161.86 | AB32: =AA32/AA$7 -> 0.025859298 | AD32: ='7-1. FS'!AB30 -> 128898 | AE32: ='7-1. FS'!AC30 -> 932196.84 | AF32: ='7-1. FS'!AD30 -> 70312.077 | AG32: ='7-1. FS'!AE30 -> 35030.456 | AH32: ='7-1. FS'!AF30 -> -60803.697 | AI32: ='7-1. FS'!AG30 -> 84116.796 | AJ32: ='7-1. FS'!AH30 -> 143282.28 | AK32: ='7-1. FS'!AI30 -> 170841.24 | ... AP32: ='7-1. FS'!AN30 -> 197161.86
B33: - 자본 조정 | C33: =AD33 -> -108730 | D33: =C33/C$7 -> -0.069626637 | E33: =AE33 -> -98183.617 | F33: =E33/E$7 -> -0.012778903 | G33: =AF33 -> -98183.617 | H33: =G33/G$7 -> -0.01235875 | I33: =AG33 -> -68183.615 | J33: =I33/I$7 -> -0.0083056348 | K33: =AH33 -> -601533.95 | L33: =K33/K$7 -> -0.084085958 | M33: =AI33 -> -601534 | N33: =M33/M$7 -> -0.084520515 | O33: =AJ33 -> -601534 | P33: =O33/O$7 -> -0.084732518 | Q33: =AK33 -> -601534 | R33: =Q33/Q$7 -> -0.083968288 | S33: =AL33 -> -601534 | T33: =S33/S$7 -> -0.083233356 | U33: =AM33 -> -601534 | V33: =U33/U$7 -> -0.082334525 | W33: =AN33 -> -601534 | X33: =W33/W$7 -> -0.081251819 | Y33: =AO33 -> -601534 | Z33: =Y33/Y$7 -> -0.080125272 | AA33: =AP33 -> -601534 | AB33: =AA33/AA$7 -> -0.078895823 | AD33: ='7-1. FS'!AB32 -> -108730 | AE33: ='7-1. FS'!AC32 -> -98183.617 | AF33: ='7-1. FS'!AD32 -> -98183.617 | AG33: ='7-1. FS'!AE32 -> -68183.615 | AH33: ='7-1. FS'!AF32 -> -601533.95 | AI33: ='7-1. FS'!AG32 -> -601534 | AJ33: ='7-1. FS'!AH32 -> -601534 | AK33: ='7-1. FS'!AI32 -> -601534 | ... AP33: ='7-1. FS'!AN32 -> -601534
B34: - 기타포괄손익누계액 | C34: =AD34 -> 14954 | D34: =C34/C$7 -> 0.0095759838 | E34: =AE34 -> 15250.327 | F34: =E34/E$7 -> 0.0019848775 | G34: =AF34 -> 44540.656 | H34: =G34/G$7 -> 0.0056065037 | I34: =AG34 -> 61373.205 | J34: =I34/I$7 -> 0.0074760399 | K34: =AH34 -> 86173.492 | L34: =K34/K$7 -> 0.012045838 | M34: =AI34 -> 125771 | N34: =M34/M$7 -> 0.017671868 | O34: =AJ34 -> 125771 | P34: =O34/O$7 -> 0.017716195 | Q34: =AK34 -> 125771 | R34: =Q34/Q$7 -> 0.017556407 | S34: =AL34 -> 125771 | T34: =S34/S$7 -> 0.017402744 | U34: =AM34 -> 125771 | V34: =U34/U$7 -> 0.017214813 | W34: =AN34 -> 125771 | X34: =W34/W$7 -> 0.016988437 | Y34: =AO34 -> 125771 | Z34: =Y34/Y$7 -> 0.016752894 | AA34: =AP34 -> 125771 | AB34: =AA34/AA$7 -> 0.016495837 | AD34: ='7-1. FS'!AB33 -> 14954 | AE34: ='7-1. FS'!AC33 -> 15250.327 | AF34: ='7-1. FS'!AD33 -> 44540.656 | AG34: ='7-1. FS'!AE33 -> 61373.205 | AH34: ='7-1. FS'!AF33 -> 86173.492 | AI34: ='7-1. FS'!AG33 -> 125771 | AJ34: ='7-1. FS'!AH33 -> 125771 | AK34: ='7-1. FS'!AI33 -> 125771 | ... AP34: ='7-1. FS'!AN33 -> 125771
A35: ※ 2026~2032년 추정 계획 : 법인 기준으로 작성
C39: =SUM(C10:C17) -> 1561615 | E39: =SUM(E10:E17) -> 7683258.6 | G39: =SUM(G10:G17) -> 7944462 | I39: =SUM(I10:I17) -> 8209320.2 | K39: =SUM(K10:K17) -> 7153797.9 | M39: =SUM(M10:M17) -> 7117017.7 | O39: =SUM(O10:O17) -> 7099210.7 | Q39: =SUM(Q10:Q17) -> 7163823.6 | S39: =SUM(S10:S17) -> 7227078.5 | U39: =SUM(U10:U17) -> 7305975.3 | W39: =SUM(W10:W17) -> 7403329.7 | Y39: =SUM(Y10:Y17) -> 7507419.1 | AA39: =SUM(AA10:AA17) -> 7624408.7
C40: =C7-C39 -> 0 | E40: =E7-E39 -> 0 | G40: =G7-G39 -> 0 | I40: =I7-I39 -> 0 | K40: =K7-K39 -> 0 | M40: =M7-M39 -> 0 | O40: =O7-O39 -> 0 | Q40: =Q7-Q39 -> 0 | S40: =S7-S39 -> 0 | U40: =U7-U39 -> 0 | W40: =W7-W39 -> 0 | Y40: =Y7-Y39 -> 0 | AA40: =AA7-AA39 -> 0
C42: =SUM(C21:C27) -> 312868 | E42: =SUM(E21:E27) -> 3571988.1 | G42: =SUM(G21:G27) -> 3834672.2 | I42: =SUM(I21:I27) -> 4126787.2 | K42: =SUM(K21:K27) -> 3951434.8 | M42: =SUM(M21:M27) -> 3790614.9 | O42: =SUM(O21:O27) -> 3663172.6 | Q42: =SUM(Q21:Q27) -> 3614257.3 | S42: =SUM(S21:S27) -> 3575964.5 | U42: =SUM(U21:U27) -> 3551876.7 | W42: =SUM(W21:W27) -> 3534590 | Y42: =SUM(Y21:Y27) -> 3523282.1 | AA42: =SUM(AA21:AA27) -> 3518550.9
C43: =C18-C42 -> 0 | E43: =E18-E42 -> 0 | G43: =G18-G42 -> 0 | I43: =I18-I42 -> 0 | K43: =K18-K42 -> 0 | M43: =M18-M42 -> 0 | O43: =O18-O42 -> 0 | Q43: =Q18-Q42 -> 0 | S43: =S18-S42 -> 0 | U43: =U18-U42 -> 0 | W43: =W18-W42 -> 0 | Y43: =Y18-Y42 -> 0 | AA43: =AA18-AA42 -> 0
C45: =SUM(C29:C31,C33:C34) -> 1248747 | E45: =SUM(E29:E31,E33:E34) -> 4111270.1 | G45: =SUM(G29:G31,G33:G34) -> 4112557.7 | I45: =SUM(I29:I31,I33:I34) -> 4085300.9 | K45: =SUM(K29:K31,K33:K34) -> 3205131 | M45: =SUM(M29:M31,M33:M34) -> 3329170.7 | O45: =SUM(O29:O31,O33:O34) -> 3438806.1 | Q45: =SUM(Q29:Q31,Q33:Q34) -> 3552334.3 | S45: =SUM(S29:S31,S33:S34) -> 3653882 | U45: =SUM(U29:U31,U33:U34) -> 3756866.6 | W45: =SUM(W29:W31,W33:W34) -> 3871507.7 | Y45: =SUM(Y29:Y31,Y33:Y34) -> 3986905 | AA45: =SUM(AA29:AA31,AA33:AA34) -> 4108625.8
C46: =C28-C45 -> 0 | E46: =E28-E45 -> 0 | G46: =G28-G45 -> 0 | I46: =I28-I45 -> 0 | K46: =K28-K45 -> 0 | M46: =M28-M45 -> 0 | O46: =O28-O45 -> 0 | Q46: =Q28-Q45 -> 0 | S46: =S28-S45 -> 0 | U46: =U28-U45 -> 0 | W46: =W28-W45 -> 0 | Y46: =Y28-Y45 -> 0 | AA46: =AA28-AA45 -> 0
C48: =C39-C42-C45 -> 0 | E48: =E39-E42-E45 -> 0.4 | G48: =G39-G42-G45 -> -2767.9797 | I48: =I39-I42-I45 -> -2767.9829 | K48: =K39-K42-K45 -> -2767.9649 | M48: =M39-M42-M45 -> -2768 | O48: =O39-O42-O45 -> -2768 | Q48: =Q39-Q42-Q45 -> -2768 | S48: =S39-S42-S45 -> -2768 | U48: =U39-U42-U45 -> -2768 | W48: =W39-W42-W45 -> -2768 | Y48: =Y39-Y42-Y45 -> -2768 | AA48: =AA39-AA42-AA45 -> -2768
C49: =SUM(C8:C9)-C7 -> 0 | E49: =SUM(E8:E9)-E7 -> 0 | G49: =SUM(G8:G9)-G7 -> 0 | I49: =SUM(I8:I9)-I7 -> 0 | K49: =SUM(K8:K9)-K7 -> 0 | M49: =SUM(M8:M9)-M7 -> 0 | O49: =SUM(O8:O9)-O7 -> 0 | Q49: =SUM(Q8:Q9)-Q7 -> 0 | S49: =SUM(S8:S9)-S7 -> 0 | U49: =SUM(U8:U9)-U7 -> 0 | W49: =SUM(W8:W9)-W7 -> 0 | Y49: =SUM(Y8:Y9)-Y7 -> 0 | AA49: =SUM(AA8:AA9)-AA7 -> 0
C50: =SUM(C10:C17)-C7 -> 0 | E50: =SUM(E10:E17)-E7 -> 0 | G50: =SUM(G10:G17)-G7 -> 0 | I50: =SUM(I10:I17)-I7 -> 0 | K50: =SUM(K10:K17)-K7 -> 0 | M50: =SUM(M10:M17)-M7 -> 0 | O50: =SUM(O10:O17)-O7 -> 0 | Q50: =SUM(Q10:Q17)-Q7 -> 0 | S50: =SUM(S10:S17)-S7 -> 0 | U50: =SUM(U10:U17)-U7 -> 0 | W50: =SUM(W10:W17)-W7 -> 0 | Y50: =SUM(Y10:Y17)-Y7 -> 0 | AA50: =SUM(AA10:AA17)-AA7 -> 0
C51: =SUM(C19:C20)-C18 -> 0 | E51: =SUM(E19:E20)-E18 -> 0 | G51: =SUM(G19:G20)-G18 -> 0 | I51: =SUM(I19:I20)-I18 -> 0 | K51: =SUM(K19:K20)-K18 -> 0 | M51: =SUM(M19:M20)-M18 -> 0 | O51: =SUM(O19:O20)-O18 -> 0 | Q51: =SUM(Q19:Q20)-Q18 -> 0 | S51: =SUM(S19:S20)-S18 -> 0 | U51: =SUM(U19:U20)-U18 -> 0 | W51: =SUM(W19:W20)-W18 -> 0 | Y51: =SUM(Y19:Y20)-Y18 -> 0 | AA51: =SUM(AA19:AA20)-AA18 -> 0
C52: =SUM(C21:C27)-C18 -> 0 | E52: =SUM(E21:E27)-E18 -> 0 | G52: =SUM(G21:G27)-G18 -> 0 | I52: =SUM(I21:I27)-I18 -> 0 | K52: =SUM(K21:K27)-K18 -> 0 | M52: =SUM(M21:M27)-M18 -> 0 | O52: =SUM(O21:O27)-O18 -> 0 | Q52: =SUM(Q21:Q27)-Q18 -> 0 | S52: =SUM(S21:S27)-S18 -> 0 | U52: =SUM(U21:U27)-U18 -> 0 | W52: =SUM(W21:W27)-W18 -> 0 | Y52: =SUM(Y21:Y27)-Y18 -> 0 | AA52: =SUM(AA21:AA27)-AA18 -> 0
C53: =SUM(C29:C31,C33:C34)-C28 -> 0 | E53: =SUM(E29:E31,E33:E34)-E28 -> 0 | G53: =SUM(G29:G31,G33:G34)-G28 -> 0 | I53: =SUM(I29:I31,I33:I34)-I28 -> 0 | K53: =SUM(K29:K31,K33:K34)-K28 -> 0 | M53: =SUM(M29:M31,M33:M34)-M28 -> 0 | O53: =SUM(O29:O31,O33:O34)-O28 -> 0 | Q53: =SUM(Q29:Q31,Q33:Q34)-Q28 -> 0 | S53: =SUM(S29:S31,S33:S34)-S28 -> 0 | U53: =SUM(U29:U31,U33:U34)-U28 -> 0 | W53: =SUM(W29:W31,W33:W34)-W28 -> 0 | Y53: =SUM(Y29:Y31,Y33:Y34)-Y28 -> 0 | AA53: =SUM(AA29:AA31,AA33:AA34)-AA28 -> 0
C54: =C7-C18-C28 -> 0 | E54: =E7-E18-E28 -> 0.4 | G54: =G7-G18-G28 -> -2767.9797 | I54: =I7-I18-I28 -> -2767.9829 | K54: =K7-K18-K28 -> -2767.9649 | M54: =M7-M18-M28 -> -2768 | O54: =O7-O18-O28 -> -2768 | Q54: =Q7-Q18-Q28 -> -2768 | S54: =S7-S18-S28 -> -2768 | U54: =U7-U18-U28 -> -2768 | W54: =W7-W18-W28 -> -2768 | Y54: =Y7-Y18-Y28 -> -2768 | AA54: =AA7-AA18-AA28 -> -2768

Sheet 6. 첨부_추정손익계산서
B1: 추정 손익계산서
O3: (단위 : 백만원)
B4: 구 분 | C4: 2020년 | D4: 2021년 | E4: 2022년 | F4: 2023년 | G4: 2024년 | H4: 2025년 | I4: 2026년 | J4: 2027년 | K4: 2028년 | L4: 2029년 | M4: 2030년 | N4: 2031년 | O4: 2032년 | Q4: 2020년 | R4: 2021년 | S4: 2022년 | T4: 2023년 | U4: 2024년 | V4: 2025년 | W4: 2026년 | X4: 2027년 | Y4: 2028년 | Z4: 2029년 | AA4: 2030년 | AB4: 2031년 | AC4: 2032년 | AE4: 2022년 | AF4: 2023년 | AG4: 2024년 | AH4: 2025년 | AI4: 2026년 | AJ4: 2027년 | AK4: 2028년 | AL4: 2029년 | AM4: 2030년 | AN4: 2031년 | AO4: 2032년
B5: 취급액 | C5: =C6+C12 -> 4498794.3 | D5: =D6+D12 -> 15463206 | E5: =E6+E12 -> 16351281 | F5: =F6+F12 -> 16471402 | G5: =G6+G12 -> 17126871 | H5: =H6+H12 -> 17356633 | I5: =I6+I12 -> 17693440 | J5: =J6+J12 -> 17924411 | ... O5: =O6+O12 -> 19382397 | AE5: =(E5-D5)/D5 -> 0.057431533 | AF5: =(F5-E5)/E5 -> 0.0073462389 | AG5: =(G5-F5)/F5 -> 0.039794401 | AH5: =(H5-G5)/G5 -> 0.013415267 | AI5: =(I5-H5)/H5 -> 0.019405085 | AJ5: =(J5-I5)/I5 -> 0.013054066 | AK5: =(K5-J5)/J5 -> 0.013421671 | AL5: =(L5-K5)/K5 -> 0.014640529 | ... AO5: =(O5-N5)/N5 -> 0.01873732 | AP5: 공시한대로 전체 25년 25조 (리테일 20년 11조 예상에서 10.6조이기에 25조 맞추기 위해 연평균성장률 10%에서 10.6%로 수정, 5.2%에서 5.8%로 수정)
B6: [1] 홈쇼핑부문 | C6: =SUM(C7:C11) -> 4498794.3 | D6: =SUM(D7:D11) -> 4583092.7 | E6: =SUM(E7:E11) -> 4645311.4 | F6: =SUM(F7:F11) -> 4193447.4 | G6: =SUM(G7:G11) -> 4051374.2 | H6: =SUM(H7:H11) -> 3785157.3 | I6: =SUM(I7:I11) -> 3767633.8 | J6: =SUM(J7:J11) -> 3731480 | ... O6: =SUM(O7:O11) -> 3589873.2 | AE6: =(E6-D6)/D6 -> 0.013575709 | AF6: =(F6-E6)/E6 -> -0.097273144 | AG6: =(G6-F6)/F6 -> -0.033879798 | AH6: =(H6-G6)/G6 -> -0.065710273 | AI6: =(I6-H6)/H6 -> -0.0046295412 | AJ6: =(J6-I6)/I6 -> -0.0095958817 | AK6: =(K6-J6)/J6 -> -0.0095458817 | AL6: =(L6-K6)/K6 -> -0.0094958817 | ... AO6: =(O6-N6)/N6 -> -0.0044958817 | AP6: 공시한대로 홈쇼핑 25년 5.2조
B7: (TV홈쇼핑사업취급액) | C7: =Q7 -> 1286828.2 | D7: =R7 -> 1254473.8 | E7: =S7 -> 1227543.6 | F7: =T7 -> 1102772 | G7: =U7 -> 1059132.7 | H7: =V7 -> 946419.88 | I7: =W7 -> 938513.98 | J7: =X7 -> 893277.6 | ... O7: =AC7 -> 740726.31 | Q7: ='7-1. FS'!AB43 -> 1286828.2 | R7: ='7-1. FS'!AC43 -> 1254473.8 | S7: ='7-1. FS'!AD43 -> 1227543.6 | T7: ='7-1. FS'!AE43 -> 1102772 | U7: ='7-1. FS'!AF43 -> 1059132.7 | V7: ='7-1. FS'!AG43 -> 946419.88 | W7: ='7-1. FS'!AH43 -> 938513.98 | X7: ='7-1. FS'!AI43 -> 893277.6 | ... AC7: ='7-1. FS'!AN43 -> 740726.31 | AE7: =(E7-D7)/D7 -> -0.021467326 | AF7: =(F7-E7)/E7 -> -0.10164327 | AG7: =(G7-F7)/F7 -> -0.039572381 | AH7: =(H7-G7)/G7 -> -0.10641994 | AI7: =(I7-H7)/H7 -> -0.0083534863 | AJ7: =(J7-I7)/I7 -> -0.0482 | AK7: =(K7-J7)/J7 -> -0.04391591 | AL7: =(L7-K7)/K7 -> -0.040004552 | ... AO7: =(O7-N7)/N7 -> -0.030208065 | AP7: TV홈쇼핑 과거 추이대로 약간 하락 (데이터와 합쳐서 전체적으로는 스테디) -> 추정 PL에서 자세히
B8: (데이터홈쇼핑사업취급액) | C8: =Q8 -> 284126.37 | D8: =R8 -> 373805.21 | E8: =S8 -> 446463.85 | F8: =T8 -> 428831.82 | G8: =U8 -> 379746.36 | H8: =V8 -> 384490.28 | I8: =W8 -> 359033.71 | J8: =X8 -> 341800.09 | ... O8: =AC8 -> 330098.29 | Q8: ='7-1. FS'!AB44 -> 284126.37 | R8: ='7-1. FS'!AC44 -> 373805.21 | S8: ='7-1. FS'!AD44 -> 446463.85 | T8: ='7-1. FS'!AE44 -> 428831.82 | U8: ='7-1. FS'!AF44 -> 379746.36 | V8: ='7-1. FS'!AG44 -> 384490.28 | W8: ='7-1. FS'!AH44 -> 359033.71 | X8: ='7-1. FS'!AI44 -> 341800.09 | ... AC8: ='7-1. FS'!AN44 -> 330098.29 | AE8: =(E8-D8)/D8 -> 0.1943757 | AF8: =(F8-E8)/E8 -> -0.039492635 | AG8: =(G8-F8)/F8 -> -0.11446318 | AH8: =(H8-G8)/G8 -> 0.012492319 | AI8: =(I8-H8)/H8 -> -0.066208607 | AJ8: =(J8-I8)/I8 -> -0.048 | AK8: =(K8-J8)/J8 -> -0.019483787 | AL8: =(L8-K8)/K8 -> -0.0078395483 | ... AO8: =(O8-N8)/N8 -> -0.002 | AP8: 데이터홈쇼핑 과거 추이대로 상승 -> 추정 PL에서 자세히
B9: (모바일인터넷취급액) | C9: =Q9 -> 2854891.9 | D9: =R9 -> 2891446.7 | E9: =S9 -> 2912429.4 | F9: =T9 -> 2628283 | G9: =U9 -> 2584580 | H9: =V9 -> 2418763.6 | I9: =W9 -> 2443642.5 | J9: =X9 -> 2474907.9 | ... O9: =AC9 -> 2504050.5 | Q9: ='7-1. FS'!AB45 -> 2854891.9 | R9: ='7-1. FS'!AC45 -> 2891446.7 | S9: ='7-1. FS'!AD45 -> 2912429.4 | T9: ='7-1. FS'!AE45 -> 2628283 | U9: ='7-1. FS'!AF45 -> 2584580 | V9: ='7-1. FS'!AG45 -> 2418763.6 | W9: ='7-1. FS'!AH45 -> 2443642.5 | X9: ='7-1. FS'!AI45 -> 2474907.9 | ... AC9: ='7-1. FS'!AN45 -> 2504050.5 | AE9: =(E9-D9)/D9 -> 0.0072568314 | AF9: =(F9-E9)/E9 -> -0.097563364 | AG9: =(G9-F9)/F9 -> -0.016627983 | AH9: =(H9-G9)/G9 -> -0.064156007 | AI9: =(I9-H9)/H9 -> 0.010285759 | AJ9: =(J9-I9)/I9 -> 0.012794615 | AK9: =(K9-J9)/J9 -> 0.0052696243 | AL9: =(L9-K9)/K9 -> 0.0013444407 | ... AO9: =(O9-N9)/N9 -> 0.0031796606
B10: (카달로그취급액) | C10: =Q10 -> 0 | D10: =R10 -> 0 | E10: =S10 -> 0 | F10: =T10 -> 0 | G10: =U10 -> 0 | H10: =V10 -> 0 | I10: =W10 -> 0 | J10: =X10 -> 0 | ... O10: =AC10 -> 0 | Q10: ='7-1. FS'!AB46 -> 0 | R10: ='7-1. FS'!AC46 -> 0 | S10: ='7-1. FS'!AD46 -> 0 | T10: ='7-1. FS'!AE46 -> 0 | U10: ='7-1. FS'!AF46 -> 0 | V10: ='7-1. FS'!AG46 -> 0 | W10: ='7-1. FS'!AH46 -> 0 | X10: ='7-1. FS'!AI46 -> 0 | ... AC10: ='7-1. FS'!AN46 -> 0 | AE10: =(E10-D10)/D10 -> #DIV/0! | AF10: =(F10-E10)/E10 -> #DIV/0! | AG10: =(G10-F10)/F10 -> #DIV/0! | AH10: =(H10-G10)/G10 -> #DIV/0! | AI10: =(I10-H10)/H10 -> #DIV/0! | AJ10: =(J10-I10)/I10 -> #DIV/0! | AK10: =(K10-J10)/J10 -> #DIV/0! | AL10: =(L10-K10)/K10 -> #DIV/0! | ... AO10: =(O10-N10)/N10 -> #DIV/0!
B11: (기타사업취급액) | C11: =Q11 -> 72947.84 | D11: =R11 -> 63367.011 | E11: =S11 -> 58874.554 | F11: =T11 -> 33560.498 | G11: =U11 -> 27915.164 | H11: =V11 -> 35483.509 | I11: =W11 -> 26443.617 | J11: =X11 -> 21494.376 | ... O11: =AC11 -> 14998.072 | Q11: ='7-1. FS'!AB47 -> 72947.84 | R11: ='7-1. FS'!AC47 -> 63367.011 | S11: ='7-1. FS'!AD47 -> 58874.554 | T11: ='7-1. FS'!AE47 -> 33560.498 | U11: ='7-1. FS'!AF47 -> 27915.164 | V11: ='7-1. FS'!AG47 -> 35483.509 | W11: ='7-1. FS'!AH47 -> 26443.617 | X11: ='7-1. FS'!AI47 -> 21494.376 | ... AC11: ='7-1. FS'!AN47 -> 14998.072 | AE11: =(E11-D11)/D11 -> -0.07089583 | AF11: =(F11-E11)/E11 -> -0.42996599 | AG11: =(G11-F11)/F11 -> -0.16821366 | AH11: =(H11-G11)/G11 -> 0.2711195 | AI11: =(I11-H11)/H11 -> -0.25476318 | AJ11: =(J11-I11)/I11 -> -0.18716206 | AK11: =(K11-J11)/J11 -> -0.1290311 | AL11: =(L11-K11)/K11 -> -0.087985456 | ... AO11: =(O11-N11)/N11 -> -0.026919721
B12: [2] 리테일부문 | C12: =Q12 -> 0 | D12: =R12 -> 10880113 | E12: =S12 -> 11705970 | F12: =T12 -> 12277954 | G12: =U12 -> 13075497 | H12: =V12 -> 13571476 | I12: =W12 -> 13925806 | J12: =X12 -> 14192931 | ... O12: =AC12 -> 15792524 | Q12: ='7-1. FS'!AB48 -> 0 | R12: ='7-1. FS'!AC48 -> 10880113 | S12: ='7-1. FS'!AD48 -> 11705970 | T12: ='7-1. FS'!AE48 -> 12277954 | U12: ='7-1. FS'!AF48 -> 13075497 | V12: ='7-1. FS'!AG48 -> 13571476 | W12: ='7-1. FS'!AH48 -> 13925806 | X12: ='7-1. FS'!AI48 -> 14192931 | ... AC12: ='7-1. FS'!AN48 -> 15792524 | AE12: =(E12-D12)/D12 -> 0.075905175 | AF12: =(F12-E12)/E12 -> 0.048862629 | AG12: =(G12-F12)/F12 -> 0.064957295 | AH12: =(H12-G12)/G12 -> 0.0379319 | AI12: =(I12-H12)/H12 -> 0.026108471 | AJ12: =(J12-I12)/I12 -> 0.01918202 | AK12: =(K12-J12)/J12 -> 0.019460097 | AL12: =(L12-K12)/K12 -> 0.020805711 | ... AO12: =(O12-N12)/N12 -> 0.024170647 | AP12: 공시한대로 리테일 25년 14.8조
B13: 매 출 액 | C13: =SUM(C14:C15) -> 1206716 | D13: =SUM(D14:D15) -> 9942393.7 | E13: =SUM(E14:E15) -> 10569338 | F13: =SUM(F14:F15) -> 10886895 | G13: =SUM(G14:G15) -> 11378034 | H13: =SUM(H14:H15) -> 11774644 | I13: =SUM(I14:I15) -> 12032603 | J13: =SUM(J14:J15) -> 12216426 | ... O13: =SUM(O14:O15) -> 13382836 | AE13: =(E13-D13)/D13 -> 0.063057688 | AF13: =(F13-E13)/E13 -> 0.030045078 | AG13: =(G13-F13)/F13 -> 0.045112897 | AH13: =(H13-G13)/G13 -> 0.034857529 | AI13: =(I13-H13)/H13 -> 0.021908007 | AJ13: =(J13-I13)/I13 -> 0.015277099 | AK13: =(K13-J13)/J13 -> 0.015934511 | AL13: =(L13-K13)/K13 -> 0.017340684 | ... AO13: =(O13-N13)/N13 -> 0.021318364
B14: [1] 홈쇼핑부문 | C14: =Q14 -> 1206716 | D14: =R14 -> 1227065 | E14: =S14 -> 1239315 | F14: =T14 -> 1131065 | G14: =U14 -> 1052081 | H14: =V14 -> 1049110.2 | I14: =W14 -> 1060021.4 | J14: =X14 -> 1054370.4 | ... O14: =AC14 -> 1031990.8 | Q14: ='7-1. FS'!AB50 -> 1206716 | R14: ='7-1. FS'!AC50 -> 1227065 | S14: ='7-1. FS'!AD50 -> 1239315 | T14: ='7-1. FS'!AE50 -> 1131065 | U14: ='7-1. FS'!AF50 -> 1052081 | V14: ='7-1. FS'!AG50 -> 1049110.2 | W14: ='7-1. FS'!AH50 -> 1060021.4 | X14: ='7-1. FS'!AI50 -> 1054370.4 | ... AC14: ='7-1. FS'!AN50 -> 1031990.8 | AE14: =(E14-D14)/D14 -> 0.0099831712 | AF14: =(F14-E14)/E14 -> -0.087346639 | AG14: =(G14-F14)/F14 -> -0.06983153 | AH14: =(H14-G14)/G14 -> -0.0028237486 | AI14: =(I14-H14)/H14 -> 0.010400464 | AJ14: =(J14-I14)/I14 -> -0.0053310454 | AK14: =(K14-J14)/J14 -> -0.0053032676 | AL14: =(P14-K14)/K14 -> -1 | AM14: =(Q14-P14)/P14 -> #DIV/0! | AN14: =(R14-Q14)/Q14 -> 0.016863123 | AO14: =(S14-R14)/R14 -> 0.0099831712 | AP14: 홈쇼핑 취급액의 30%, 리테일 취급액의 80% 수준(리테일 직매입이 비율이 높아서)
B15: [2] 리테일부문 | C15: =Q15 -> 0 | D15: =R15 -> 8715328.7 | E15: =S15 -> 9330023.1 | F15: =T15 -> 9755829.7 | G15: =U15 -> 10325953 | H15: =V15 -> 10725534 | I15: =W15 -> 10972582 | J15: =X15 -> 11162056 | ... O15: =AC15 -> 12350845 | Q15: ='7-1. FS'!AB51 -> 0 | R15: ='7-1. FS'!AC51 -> 8715328.7 | S15: ='7-1. FS'!AD51 -> 9330023.1 | T15: ='7-1. FS'!AE51 -> 9755829.7 | U15: ='7-1. FS'!AF51 -> 10325953 | V15: ='7-1. FS'!AG51 -> 10725534 | W15: ='7-1. FS'!AH51 -> 10972582 | X15: ='7-1. FS'!AI51 -> 11162056 | ... AC15: ='7-1. FS'!AN51 -> 12350845 | AE15: =(E15-D15)/D15 -> 0.070530255 | AF15: =(F15-E15)/E15 -> 0.045638321 | AG15: =(G15-F15)/F15 -> 0.058439249 | AH15: =(H15-G15)/G15 -> 0.038696763 | AI15: =(I15-H15)/H15 -> 0.023033609 | AJ15: =(J15-I15)/I15 -> 0.017267977 | AK15: =(K15-J15)/J15 -> 0.017940636 | AL15: =(P15-K15)/K15 -> -1 | AM15: =(Q15-P15)/P15 -> #DIV/0! | AN15: =(R15-Q15)/Q15 -> #DIV/0! | AO15: =(S15-R15)/R15 -> 0.070530255 | AP15: 취급액 대비 회계매출액 비율은 | AT15: 2021년 | AU15: =D15/D12 -> 0.80103292 | AV15: 2025년 | AW15: =H15/H12 -> 0.79029977
B16: 매출원가 | C16: =SUM(C17:C18) -> 200911 | D16: =SUM(D17:D18) -> 7184089.9 | E16: =SUM(E17:E18) -> 7710584.4 | F16: =SUM(F17:F18) -> 7986166.9 | G16: =SUM(G17:G18) -> 8452920 | H16: =SUM(H17:H18) -> 8810759.3 | I16: =SUM(I17:I18) -> 9008909.3 | J16: =SUM(J17:J18) -> 9186266.5 | ... O16: =SUM(O17:O18) -> 10211276 | AE16: =(E16-D16)/D16 -> 0.073286179 | AF16: =(F16-E16)/E16 -> 0.035740811 | AG16: =(G16-F16)/F16 -> 0.058445202 | AH16: =(H16-G16)/G16 -> 0.042333217 | AI16: =(I16-H16)/H16 -> 0.022489538 | AJ16: =(J16-I16)/I16 -> 0.019686871 | AK16: =(K16-J16)/J16 -> 0.020125107 | AL16: =(P16-K16)/K16 -> -1 | AM16: =(Q16-P16)/P16 -> #DIV/0! | AN16: =(R16-Q16)/Q16 -> #DIV/0! | AO16: =(S16-R16)/R16 -> #DIV/0!
B17: [1] 홈쇼핑부문 | C17: =Q17 -> 200911 | D17: =R17 -> 192258 | E17: =S17 -> 187896 | F17: =T17 -> 149269 | G17: =U17 -> 119598 | H17: =V17 -> 139480.35 | I17: =W17 -> 139521.17 | J17: =X17 -> 142806.92 | ... O17: =AC17 -> 157583.31 | Q17: ='7-1. FS'!AB53 -> 200911 | R17: ='7-1. FS'!AC53 -> 192258 | S17: ='7-1. FS'!AD53 -> 187896 | T17: ='7-1. FS'!AE53 -> 149269 | U17: ='7-1. FS'!AF53 -> 119598 | V17: ='7-1. FS'!AG53 -> 139480.35 | W17: ='7-1. FS'!AH53 -> 139521.17 | X17: ='7-1. FS'!AI53 -> 142806.92 | ... AC17: ='7-1. FS'!AN53 -> 157583.31 | AE17: =(E17-D17)/D17 -> -0.022688263 | AF17: =(F17-E17)/E17 -> -0.20557649 | AG17: =(G17-F17)/F17 -> -0.19877537 | AH17: =(H17-G17)/G17 -> 0.16624314 | AI17: =(I17-H17)/H17 -> 0.00029265563 | AJ17: =(J17-I17)/I17 -> 0.023550244 | AK17: =(K17-J17)/J17 -> 0.028895173 | AL17: =(P17-K17)/K17 -> -1 | AM17: =(Q17-P17)/P17 -> #DIV/0! | AN17: =(R17-Q17)/Q17 -> -0.043068822 | AO17: =(S17-R17)/R17 -> -0.022688263 | AP17: 홈쇼핑 회계매출액 대비 매출원가율은 | AT17: 2021년 | AU17: =D17/D14 -> 0.15668119 | AV17: 2025년 | AW17: =H17/H14 -> 0.13295109
B18: [2] 리테일부문 | C18: =Q18 -> 0 | D18: =R18 -> 6991831.9 | E18: =S18 -> 7522688.4 | F18: =T18 -> 7836897.9 | G18: =U18 -> 8333322 | H18: =V18 -> 8671279 | I18: =W18 -> 8869388.1 | J18: =X18 -> 9043459.6 | ... O18: =AC18 -> 10053693 | Q18: ='7-1. FS'!AB54 -> 0 | R18: ='7-1. FS'!AC54 -> 6991831.9 | S18: ='7-1. FS'!AD54 -> 7522688.4 | T18: ='7-1. FS'!AE54 -> 7836897.9 | U18: ='7-1. FS'!AF54 -> 8333322 | V18: ='7-1. FS'!AG54 -> 8671279 | W18: ='7-1. FS'!AH54 -> 8869388.1 | X18: ='7-1. FS'!AI54 -> 9043459.6 | ... AC18: ='7-1. FS'!AN54 -> 10053693 | AE18: =(E18-D18)/D18 -> 0.075925237 | AF18: =(F18-E18)/E18 -> 0.041768252 | AG18: =(G18-F18)/F18 -> 0.063344469 | AH18: =(H18-G18)/G18 -> 0.040554889 | AI18: =(I18-H18)/H18 -> 0.022846582 | AJ18: =(J18-I18)/I18 -> 0.019626098 | AK18: =(K18-J18)/J18 -> 0.019986618 | AL18: =(P18-K18)/K18 -> -1 | AM18: =(Q18-P18)/P18 -> #DIV/0! | AN18: =(R18-Q18)/Q18 -> #DIV/0! | AO18: =(S18-R18)/R18 -> 0.075925237 | AP18: 리테일 회계매출액 대비 매출원가율은 | AT18: 2021년 | AU18: =D18/D15 -> 0.80224534 | AV18: 2025년 | AW18: =H18/H15 -> 0.80847061
B19: 매출총이익 | C19: =C13-C16 -> 1005805 | D19: =D13-D16 -> 2758303.9 | E19: =E13-E16 -> 2858753.7 | F19: =F13-F16 -> 2900727.8 | G19: =G13-G16 -> 2925114 | H19: =H13-H16 -> 2963884.8 | I19: =I13-I16 -> 3023693.9 | J19: =J13-J16 -> 3030160 | ... O19: =O13-O16 -> 3171559.6 | AE19: =(E19-D19)/D19 -> 0.036417259 | AF19: =(F19-E19)/E19 -> 0.014682638 | AG19: =(G19-F19)/F19 -> 0.0084069322 | AH19: =(H19-G19)/G19 -> 0.013254475 | AI19: =(I19-H19)/H19 -> 0.020179285 | AJ19: =(J19-I19)/I19 -> 0.0021384552 | AK19: =(K19-J19)/J19 -> 0.0032302511 | AL19: =(P19-K19)/K19 -> -1 | AM19: =(Q19-P19)/P19 -> #DIV/0! | AN19: =(R19-Q19)/Q19 -> #DIV/0! | AO19: =(S19-R19)/R19 -> #DIV/0! | AP19: 취급액 대비 매출총이익률 | AT19: 2021년 | AU19: =D19/D5 -> 0.17837853 | AV19: 2025년 | AW19: =H19/H5 -> 0.17076382 | AY19: 회계매출액 대비 매출총이익률 | BB19: 2021년 | BC19: =D19/D13 -> 0.27742855 | BD19: 2025년 | BE19: =H19/H13 -> 0.25171757
B20: 판매관리비 | C20: =C21+C36 -> 847921 | D20: =D21+D36 -> 2465706.5 | E20: =E21+E36 -> 2602341 | F20: =F21+F36 -> 2585746.2 | G20: =G21+G36 -> 2672477.6 | H20: =H21+H36 -> 2673988.2 | I20: =I21+I36 -> 2751529.7 | J20: =J21+J36 -> 2760667.9 | ... O20: =O21+O36 -> 2870167.2 | AE20: =(E20-D20)/D20 -> 0.05541392 | AF20: =(F20-E20)/E20 -> -0.0063768951 | AG20: =(G20-F20)/F20 -> 0.033542145 | AH20: =(H20-G20)/G20 -> 0.00056523518 | AI20: =(I20-H20)/H20 -> 0.028998428 | AJ20: =(J20-I20)/I20 -> 0.0033211659 | AK20: =(K20-J20)/J20 -> 0.0052091959 | AL20: =(P20-K20)/K20 -> -1 | AM20: =(Q20-P20)/P20 -> #DIV/0! | AN20: =(R20-Q20)/Q20 -> #DIV/0! | AO20: =(S20-R20)/R20 -> #DIV/0! | AP20: 취급액 대비 판관비율 | AT20: 2021년 | AU20: =D20/D5 -> 0.15945636 | AV20: 2025년 | AW20: =H20/H5 -> 0.15406146 | AY20: 회계매출액 대비 판관비율 | BB20: 2021년 | BC20: =D20/D13 -> 0.24799929 | BD20: 2025년 | BE20: =H20/H13 -> 0.22709716
B21: [1] 홈쇼핑부문 | C21: =SUM(C22:C35) -> 847921 | D21: =SUM(D22:D35) -> 898893 | E21: =SUM(E22:E35) -> 908849 | F21: =SUM(F22:F35) -> 864887 | G21: =SUM(G22:G35) -> 825389 | H21: =SUM(H22:H35) -> 816617.2 | I21: =SUM(I22:I35) -> 829142.22 | J21: =SUM(J22:J35) -> 824539.05 | ... O21: =SUM(O22:O35) -> 799304.05 | AE21: =(E21-D21)/D21 -> 0.011075846 | AF21: =(F21-E21)/E21 -> -0.048371072 | AG21: =(G21-F21)/F21 -> -0.045668394 | AH21: =(H21-G21)/G21 -> -0.01062747 | AI21: =(I21-H21)/H21 -> 0.015337687 | AJ21: =(J21-I21)/I21 -> -0.0055517286 | AK21: =(K21-J21)/J21 -> -0.0067601648 | AL21: =(P21-K21)/K21 -> -1 | AM21: =(Q21-P21)/P21 -> #DIV/0! | AN21: =(R21-Q21)/Q21 -> #DIV/0! | AO21: =(S21-R21)/R21 -> #DIV/0!
B22: 인건비 | C22: =Q22 -> 104642 | D22: =R22 -> 108194 | E22: =S22 -> 74094 | F22: =T22 -> 82590 | G22: =U22 -> 84194 | H22: =V22 -> 85905.775 | I22: =W22 -> 91464.317 | J22: =X22 -> 94208.246 | ... O22: =AC22 -> 109213.18 | Q22: ='7-1. FS'!AB58 -> 104642 | R22: ='7-1. FS'!AC58 -> 108194 | S22: ='7-1. FS'!AD58 -> 74094 | T22: ='7-1. FS'!AE58 -> 82590 | U22: ='7-1. FS'!AF58 -> 84194 | V22: ='7-1. FS'!AG58 -> 85905.775 | W22: ='7-1. FS'!AH58 -> 91464.317 | X22: ='7-1. FS'!AI58 -> 94208.246 | ... AC22: ='7-1. FS'!AN58 -> 109213.18 | AE22: =(E22-D22)/D22 -> -0.31517459 | AF22: =(F22-E22)/E22 -> 0.11466516 | AG22: =(G22-F22)/F22 -> 0.019421237 | AH22: =(H22-G22)/G22 -> 0.020331318 | AI22: =(I22-H22)/H22 -> 0.064705097 | AJ22: =(J22-I22)/I22 -> 0.03 | AK22: =(K22-J22)/J22 -> 0.03 | AL22: =(P22-K22)/K22 -> -1 | AM22: =(Q22-P22)/P22 -> #DIV/0! | AN22: =(R22-Q22)/Q22 -> 0.033944305 | AO22: =(S22-R22)/R22 -> -0.31517459 | AP22: 사업계획 인력 확대 감안
B23: 카드수수료 | C23: =Q23 -> 84622 | D23: =R23 -> 80631 | E23: =S23 -> 77520 | F23: =T23 -> 74019 | G23: =U23 -> 67732 | H23: =V23 -> 66615.578 | I23: =W23 -> 65664.713 | J23: =X23 -> 65034.602 | ... O23: =AC23 -> 62566.589 | Q23: ='7-1. FS'!AB59 -> 84622 | R23: ='7-1. FS'!AC59 -> 80631 | S23: ='7-1. FS'!AD59 -> 77520 | T23: ='7-1. FS'!AE59 -> 74019 | U23: ='7-1. FS'!AF59 -> 67732 | V23: ='7-1. FS'!AG59 -> 66615.578 | W23: ='7-1. FS'!AH59 -> 65664.713 | X23: ='7-1. FS'!AI59 -> 65034.602 | ... AC23: ='7-1. FS'!AN59 -> 62566.589 | AE23: =(E23-D23)/D23 -> -0.038583175 | AF23: =(F23-E23)/E23 -> -0.045162539 | AG23: =(G23-F23)/F23 -> -0.084937651 | AH23: =(H23-G23)/G23 -> -0.016482934 | AI23: =(I23-H23)/H23 -> -0.01427391 | AJ23: =(J23-I23)/I23 -> -0.0095958817 | AK23: =(K23-J23)/J23 -> -0.0095458817 | AL23: =(P23-K23)/K23 -> -1 | AM23: =(Q23-P23)/P23 -> #DIV/0! | AN23: =(R23-Q23)/Q23 -> -0.047162676 | AO23: =(S23-R23)/R23 -> -0.038583175
B24: SO 수수료 | C24: =Q24 -> 323632 | D24: =R24 -> 354247 | E24: =S24 -> 375984 | F24: =T24 -> 384028 | G24: =U24 -> 382578 | H24: =V24 -> 380133.16 | I24: =W24 -> 377500 | J24: =X24 -> 375500 | ... O24: =AC24 -> 370500 | Q24: ='7-1. FS'!AB60 -> 323632 | R24: ='7-1. FS'!AC60 -> 354247 | S24: ='7-1. FS'!AD60 -> 375984 | T24: ='7-1. FS'!AE60 -> 384028 | U24: ='7-1. FS'!AF60 -> 382578 | V24: ='7-1. FS'!AG60 -> 380133.16 | W24: ='7-1. FS'!AH60 -> 377500 | X24: ='7-1. FS'!AI60 -> 375500 | ... AC24: ='7-1. FS'!AN60 -> 370500 | AE24: =(E24-D24)/D24 -> 0.061361141 | AF24: =(F24-E24)/E24 -> 0.021394527 | AG24: =(G24-F24)/F24 -> -0.0037757664 | AH24: =(H24-G24)/G24 -> -0.0063904366 | AI24: =(I24-H24)/H24 -> -0.0069269399 | AJ24: =(J24-I24)/I24 -> -0.0052980132 | AK24: =(K24-J24)/J24 -> -0.0026631158 | AL24: =(P24-K24)/K24 -> -1 | AM24: =(Q24-P24)/P24 -> #DIV/0! | AN24: =(R24-Q24)/Q24 -> 0.094598186 | AO24: =(S24-R24)/R24 -> 0.061361141 | AP24: 송출수수료 연평균 증가율/연평균 증가금액 | AU24: =(H24-C24)/C24/5 -> 0.034916918 | AW24: =(H24-C24)/5 -> 11300.232
B25: 배송·포장비 | C25: =Q25 -> 77105 | D25: =R25 -> 77199 | E25: =S25 -> 75259 | F25: =T25 -> 68369 | G25: =U25 -> 64856 | H25: =V25 -> 67342.347 | I25: =W25 -> 68885.581 | J25: =X25 -> 68224.563 | ... O25: =AC25 -> 65635.492 | Q25: ='7-1. FS'!AB61 -> 77105 | R25: ='7-1. FS'!AC61 -> 77199 | S25: ='7-1. FS'!AD61 -> 75259 | T25: ='7-1. FS'!AE61 -> 68369 | U25: ='7-1. FS'!AF61 -> 64856 | V25: ='7-1. FS'!AG61 -> 67342.347 | W25: ='7-1. FS'!AH61 -> 68885.581 | X25: ='7-1. FS'!AI61 -> 68224.563 | ... AC25: ='7-1. FS'!AN61 -> 65635.492 | AE25: =(E25-D25)/D25 -> -0.025129859 | AF25: =(F25-E25)/E25 -> -0.091550512 | AG25: =(G25-F25)/F25 -> -0.051382937 | AH25: =(H25-G25)/G25 -> 0.038336424 | AI25: =(I25-H25)/H25 -> 0.022916241 | AJ25: =(J25-I25)/I25 -> -0.0095958817 | AK25: =(K25-J25)/J25 -> -0.0095458817 | AL25: =(P25-K25)/K25 -> -1 | AM25: =(Q25-P25)/P25 -> #DIV/0! | AN25: =(R25-Q25)/Q25 -> 0.0012191168 | AO25: =(S25-R25)/R25 -> -0.025129859
B26: 콜센터비용 | C26: =Q26 -> 33983 | D26: =R26 -> 30458 | E26: =S26 -> 29956 | F26: =T26 -> 26237 | G26: =U26 -> 25823 | H26: =V26 -> 25116.099 | I26: =W26 -> 25920.821 | J26: =X26 -> 22268.552 | ... O26: =AC26 -> 17580.92 | Q26: ='7-1. FS'!AB62 -> 33983 | R26: ='7-1. FS'!AC62 -> 30458 | S26: ='7-1. FS'!AD62 -> 29956 | T26: ='7-1. FS'!AE62 -> 26237 | U26: ='7-1. FS'!AF62 -> 25823 | V26: ='7-1. FS'!AG62 -> 25116.099 | W26: ='7-1. FS'!AH62 -> 25920.821 | X26: ='7-1. FS'!AI62 -> 22268.552 | ... AC26: ='7-1. FS'!AN62 -> 17580.92 | AE26: =(E26-D26)/D26 -> -0.016481713 | AF26: =(F26-E26)/E26 -> -0.12414875 | AG26: =(G26-F26)/F26 -> -0.015779243 | AH26: =(H26-G26)/G26 -> -0.027374854 | AI26: =(I26-H26)/H26 -> 0.032040093 | AJ26: =(J26-I26)/I26 -> -0.140901 | AK26: =(K26-J26)/J26 -> -0.035739351 | AL26: =(P26-K26)/K26 -> -1 | AM26: =(Q26-P26)/P26 -> #DIV/0! | AN26: =(R26-Q26)/Q26 -> -0.10372833 | AO26: =(S26-R26)/R26 -> -0.016481713
B27: 카탈로그제작비 | C27: =Q27 -> 0 | D27: =R27 -> 0 | E27: =S27 -> 0 | F27: =T27 -> 0 | G27: =U27 -> 0 | H27: =V27 -> 0 | I27: =W27 -> 0 | J27: =X27 -> 0 | ... O27: =AC27 -> 0 | Q27: ='7-1. FS'!AB63 -> 0 | R27: ='7-1. FS'!AC63 -> 0 | S27: ='7-1. FS'!AD63 -> 0 | T27: ='7-1. FS'!AE63 -> 0 | U27: ='7-1. FS'!AF63 -> 0 | V27: ='7-1. FS'!AG63 -> 0 | W27: ='7-1. FS'!AH63 -> 0 | X27: ='7-1. FS'!AI63 -> 0 | ... AC27: ='7-1. FS'!AN63 -> 0
B28: 회원적립금 | C28: =Q28 -> 23912 | D28: =R28 -> 35180 | E28: =S28 -> 20212 | F28: =T28 -> 28461 | G28: =U28 -> 29762 | H28: =V28 -> 33557.302 | I28: =W28 -> 32927.107 | J28: =X28 -> 32611.143 | ... O28: =AC28 -> 31373.575 | Q28: ='7-1. FS'!AB64 -> 23912 | R28: ='7-1. FS'!AC64 -> 35180 | S28: ='7-1. FS'!AD64 -> 20212 | T28: ='7-1. FS'!AE64 -> 28461 | U28: ='7-1. FS'!AF64 -> 29762 | V28: ='7-1. FS'!AG64 -> 33557.302 | W28: ='7-1. FS'!AH64 -> 32927.107 | X28: ='7-1. FS'!AI64 -> 32611.143 | ... AC28: ='7-1. FS'!AN64 -> 31373.575 | AE28: =(E28-D28)/D28 -> -0.42546902 | AF28: =(F28-E28)/E28 -> 0.40812389 | AG28: =(G28-F28)/F28 -> 0.045711676 | AH28: =(H28-G28)/G28 -> 0.12752174 | AI28: =(I28-H28)/H28 -> -0.018779658 | AJ28: =(J28-I28)/I28 -> -0.0095958817 | AK28: =(K28-J28)/J28 -> -0.0095458817 | AL28: =(P28-K28)/K28 -> -1 | AM28: =(Q28-P28)/P28 -> #DIV/0! | AN28: =(R28-Q28)/Q28 -> 0.47122784 | AO28: =(S28-R28)/R28 -> -0.42546902
B29: 감가상각비 | C29: =Q29 -> 15719 | D29: =R29 -> 16977 | E29: =S29 -> 17022 | F29: =T29 -> 17258 | G29: =U29 -> 15041 | H29: =V29 -> 15120.222 | I29: =W29 -> 16323.59 | J29: =X29 -> 16071.104 | ... O29: =AC29 -> 15776.458 | Q29: ='7-1. FS'!AB65 -> 15719 | R29: ='7-1. FS'!AC65 -> 16977 | S29: ='7-1. FS'!AD65 -> 17022 | T29: ='7-1. FS'!AE65 -> 17258 | U29: ='7-1. FS'!AF65 -> 15041 | V29: ='7-1. FS'!AG65 -> 15120.222 | W29: ='7-1. FS'!AH65 -> 16323.59 | X29: ='7-1. FS'!AI65 -> 16071.104 | ... AC29: ='7-1. FS'!AN65 -> 15776.458 | AE29: =(E29-D29)/D29 -> 0.002650645 | AF29: =(F29-E29)/E29 -> 0.013864411 | AG29: =(G29-F29)/F29 -> -0.12846216 | AH29: =(H29-G29)/G29 -> 0.0052670642 | AI29: =(I29-H29)/H29 -> 0.079586672 | AJ29: =(J29-I29)/I29 -> -0.015467538 | AK29: =(K29-J29)/J29 -> -0.0038917722 | AL29: =(P29-K29)/K29 -> -1 | AM29: =(Q29-P29)/P29 -> #DIV/0! | AN29: =(R29-Q29)/Q29 -> 0.080030536 | AO29: =(S29-R29)/R29 -> 0.002650645
B30: 광고선전비 | C30: =Q30 -> 19823 | D30: =R30 -> 23767 | E30: =S30 -> 27310 | F30: =T30 -> 22445 | G30: =U30 -> 23736 | H30: =V30 -> 17215.281 | I30: =W30 -> 22488.931 | J30: =X30 -> 22273.13 | ... O30: =AC30 -> 21427.881 | Q30: ='7-1. FS'!AB66 -> 19823 | R30: ='7-1. FS'!AC66 -> 23767 | S30: ='7-1. FS'!AD66 -> 27310 | T30: ='7-1. FS'!AE66 -> 22445 | U30: ='7-1. FS'!AF66 -> 23736 | V30: ='7-1. FS'!AG66 -> 17215.281 | W30: ='7-1. FS'!AH66 -> 22488.931 | X30: ='7-1. FS'!AI66 -> 22273.13 | ... AC30: ='7-1. FS'!AN66 -> 21427.881 | AE30: =(E30-D30)/D30 -> 0.14907224 | AF30: =(F30-E30)/E30 -> -0.17813988 | AG30: =(G30-F30)/F30 -> 0.057518378 | AH30: =(H30-G30)/G30 -> -0.27471855 | AI30: =(I30-H30)/H30 -> 0.30633543 | AJ30: =(J30-I30)/I30 -> -0.0095958817 | AK30: =(K30-J30)/J30 -> -0.0095458817 | AL30: =(P30-K30)/K30 -> -1 | AM30: =(Q30-P30)/P30 -> #DIV/0! | AN30: =(R30-Q30)/Q30 -> 0.1989608 | AO30: =(S30-R30)/R30 -> 0.14907224
B31: 방송제작비 | C31: =Q31 -> 13563 | D31: =R31 -> 14638 | E31: =S31 -> 15359 | F31: =T31 -> 14317 | G31: =U31 -> 13830 | H31: =V31 -> 14909 | I31: =W31 -> 17614 | J31: =X31 -> 17444.978 | ... O31: =AC31 -> 16782.954 | Q31: ='7-1. FS'!AB67 -> 13563 | R31: ='7-1. FS'!AC67 -> 14638 | S31: ='7-1. FS'!AD67 -> 15359 | T31: ='7-1. FS'!AE67 -> 14317 | U31: ='7-1. FS'!AF67 -> 13830 | V31: ='7-1. FS'!AG67 -> 14909 | W31: ='7-1. FS'!AH67 -> 17614 | X31: ='7-1. FS'!AI67 -> 17444.978 | ... AC31: ='7-1. FS'!AN67 -> 16782.954 | AE31: =(E31-D31)/D31 -> 0.049255363 | AF31: =(F31-E31)/E31 -> -0.067842959 | AG31: =(G31-F31)/F31 -> -0.034015506 | AH31: =(H31-G31)/G31 -> 0.0780188 | AI31: =(I31-H31)/H31 -> 0.18143403 | AJ31: =(J31-I31)/I31 -> -0.0095958817 | AK31: =(K31-J31)/J31 -> -0.0095458817 | AL31: =(P31-K31)/K31 -> -1 | AM31: =(Q31-P31)/P31 -> #DIV/0! | AN31: =(R31-Q31)/Q31 -> 0.079259751 | AO31: =(S31-R31)/R31 -> 0.049255363 | AP31: 사업계획 방송제작비 확대 감안
B32: 판매촉진비 | C32: =Q32 -> 20001 | D32: =R32 -> 30242 | E32: =S32 -> 24413 | F32: =T32 -> 23638 | G32: =U32 -> 16605 | H32: =V32 -> 19366.643 | I32: =W32 -> 17701.91 | J32: =X32 -> 17585.352 | ... O32: =AC32 -> 17943.679 | Q32: ='7-1. FS'!AB68 -> 20001 | R32: ='7-1. FS'!AC68 -> 30242 | S32: ='7-1. FS'!AD68 -> 24413 | T32: ='7-1. FS'!AE68 -> 23638 | U32: ='7-1. FS'!AF68 -> 16605 | V32: ='7-1. FS'!AG68 -> 19366.643 | W32: ='7-1. FS'!AH68 -> 17701.91 | X32: ='7-1. FS'!AI68 -> 17585.352 | ... AC32: ='7-1. FS'!AN68 -> 17943.679 | AE32: =(E32-D32)/D32 -> -0.19274519 | AF32: =(F32-E32)/E32 -> -0.031745382 | AG32: =(G32-F32)/F32 -> -0.2975294 | AH32: =(H32-G32)/G32 -> 0.16631395 | AI32: =(I32-H32)/H32 -> -0.085958764 | AJ32: =(J32-I32)/I32 -> -0.0065845199 | AK32: =(K32-J32)/J32 -> -0.0035411118 | AL32: =(P32-K32)/K32 -> -1 | AM32: =(Q32-P32)/P32 -> #DIV/0! | AN32: =(R32-Q32)/Q32 -> 0.5120244 | AO32: =(S32-R32)/R32 -> -0.19274519
B33: 전산용역료 | C33: =Q33 -> 20017 | D33: =R33 -> 19704 | E33: =S33 -> 20564 | F33: =T33 -> 23412 | G33: =U33 -> 36946 | H33: =V33 -> 35515.311 | I33: =W33 -> 35025.582 | J33: =X33 -> 34542.606 | ... O33: =AC33 -> 32225.806 | Q33: ='7-1. FS'!AB69 -> 20017 | R33: ='7-1. FS'!AC69 -> 19704 | S33: ='7-1. FS'!AD69 -> 20564 | T33: ='7-1. FS'!AE69 -> 23412 | U33: ='7-1. FS'!AF69 -> 36946 | V33: ='7-1. FS'!AG69 -> 35515.311 | W33: ='7-1. FS'!AH69 -> 35025.582 | X33: ='7-1. FS'!AI69 -> 34542.606 | ... AC33: ='7-1. FS'!AN69 -> 32225.806 | AE33: =(E33-D33)/D33 -> 0.04364596 | AF33: =(F33-E33)/E33 -> 0.13849446 | AG33: =(G33-F33)/F33 -> 0.57807962 | AH33: =(H33-G33)/G33 -> -0.038723778 | AI33: =(I33-H33)/H33 -> -0.013789239 | AJ33: =(J33-I33)/I33 -> -0.013789239 | AK33: =(K33-J33)/J33 -> -0.013789239 | AL33: =(P33-K33)/K33 -> -1 | AM33: =(Q33-P33)/P33 -> #DIV/0! | AN33: =(R33-Q33)/Q33 -> -0.015636709 | AO33: =(S33-R33)/R33 -> 0.04364596
B34: 임 차 료 | C34: =Q34 -> 1086 | D34: =R34 -> 486 | E34: =S34 -> 496 | F34: =T34 -> 338 | G34: =U34 -> 309 | H34: =V34 -> 156.80851 | I34: =W34 -> 142.0552 | J34: =X34 -> 144.8963 | ... O34: =AC34 -> 159.97723 | Q34: ='7-1. FS'!AB70 -> 1086 | R34: ='7-1. FS'!AC70 -> 486 | S34: ='7-1. FS'!AD70 -> 496 | T34: ='7-1. FS'!AE70 -> 338 | U34: ='7-1. FS'!AF70 -> 309 | V34: ='7-1. FS'!AG70 -> 156.80851 | W34: ='7-1. FS'!AH70 -> 142.0552 | X34: ='7-1. FS'!AI70 -> 144.8963 | ... AC34: ='7-1. FS'!AN70 -> 159.97723 | AE34: =(E34-D34)/D34 -> 0.020576132 | AF34: =(F34-E34)/E34 -> -0.31854839 | AG34: =(G34-F34)/F34 -> -0.085798817 | AH34: =(H34-G34)/G34 -> -0.49252911 | AI34: =(I34-H34)/H34 -> -0.094084853 | AJ34: =(J34-I34)/I34 -> 0.02 | AK34: =(K34-J34)/J34 -> 0.02 | AL34: =(P34-K34)/K34 -> -1 | AM34: =(Q34-P34)/P34 -> #DIV/0! | AN34: =(R34-Q34)/Q34 -> -0.55248619 | AO34: =(S34-R34)/R34 -> 0.020576132
B35: 기타 비용 | C35: =Q35 -> 109816 | D35: =R35 -> 107170 | E35: =S35 -> 150660 | F35: =T35 -> 99775 | G35: =U35 -> 63977 | H35: =V35 -> 55663.677 | I35: =W35 -> 57483.614 | J35: =X35 -> 58629.877 | ... O35: =AC35 -> 38117.537 | Q35: ='7-1. FS'!AB71 -> 109816 | R35: ='7-1. FS'!AC71 -> 107170 | S35: ='7-1. FS'!AD71 -> 150660 | T35: ='7-1. FS'!AE71 -> 99775 | U35: ='7-1. FS'!AF71 -> 63977 | V35: ='7-1. FS'!AG71 -> 55663.677 | W35: ='7-1. FS'!AH71 -> 57483.614 | X35: ='7-1. FS'!AI71 -> 58629.877 | ... AC35: ='7-1. FS'!AN71 -> 38117.537 | AE35: =(E35-D35)/D35 -> 0.40580386 | AF35: =(F35-E35)/E35 -> -0.33774725 | AG35: =(G35-F35)/F35 -> -0.35878727 | AH35: =(H35-G35)/G35 -> -0.12994238 | AI35: =(I35-H35)/H35 -> 0.032695243 | AJ35: =(J35-I35)/I35 -> 0.019940695 | AK35: =(K35-J35)/J35 -> -0.068969032 | AL35: =(P35-K35)/K35 -> -1 | AM35: =(Q35-P35)/P35 -> #DIV/0! | AN35: =(R35-Q35)/Q35 -> -0.02409485 | AO35: =(S35-R35)/R35 -> 0.40580386
B36: [2] 리테일부문 | C36: =Q36 -> 0 | D36: =R36 -> 1566813.5 | E36: =S36 -> 1693492 | F36: =T36 -> 1720859.2 | G36: =U36 -> 1847088.6 | H36: =V36 -> 1857371 | I36: =W36 -> 1922387.4 | J36: =X36 -> 1936128.9 | ... O36: =AC36 -> 2070863.2 | Q36: ='7-1. FS'!AB72 -> 0 | R36: ='7-1. FS'!AC72 -> 1566813.5 | S36: ='7-1. FS'!AD72 -> 1693492 | T36: ='7-1. FS'!AE72 -> 1720859.2 | U36: ='7-1. FS'!AF72 -> 1847088.6 | V36: ='7-1. FS'!AG72 -> 1857371 | W36: ='7-1. FS'!AH72 -> 1922387.4 | X36: ='7-1. FS'!AI72 -> 1936128.9 | ... AC36: ='7-1. FS'!AN72 -> 2070863.2 | AE36: =(E36-D36)/D36 -> 0.080851015 | AF36: =(F36-E36)/E36 -> 0.016160185 | AG36: =(G36-F36)/F36 -> 0.073352589 | AH36: =(H36-G36)/G36 -> 0.0055668013 | AI36: =(I36-H36)/H36 -> 0.035004549 | AJ36: =(J36-I36)/I36 -> 0.0071481216 | AK36: =(K36-J36)/J36 -> 0.010306587 | AL36: =(P36-K36)/K36 -> -1 | AM36: =(Q36-P36)/P36 -> #DIV/0! | AN36: =(R36-Q36)/Q36 -> #DIV/0! | AO36: =(S36-R36)/R36 -> 0.080851015
B37: 영업이익 | C37: =C19-C20 -> 157884 | D37: =D19-D20 -> 292597.31 | E37: =E19-E20 -> 256412.71 | F37: =F19-F20 -> 314981.62 | G37: =G19-G20 -> 252636.37 | H37: =H19-H20 -> 289896.64 | I37: =I19-I20 -> 272164.26 | J37: =J19-J20 -> 269492.01 | ... O37: =O19-O20 -> 301392.39 | AE37: =(E37-D37)/D37 -> -0.12366689 | AF37: =(F37-E37)/E37 -> 0.22841653 | AG37: =(G37-F37)/F37 -> -0.19793299 | AH37: =(H37-G37)/G37 -> 0.14748578 | AI37: =(I37-H37)/H37 -> -0.061167924 | AJ37: =(J37-I37)/I37 -> -0.0098185287 | AK37: =(K37-J37)/J37 -> -0.017042 | AL37: =(P37-K37)/K37 -> -1 | AM37: =(Q37-P37)/P37 -> #DIV/0! | AN37: =(R37-Q37)/Q37 -> #DIV/0! | AO37: =(S37-R37)/R37 -> #DIV/0! | AP37: 취급액 대비 영업이익률 | AT37: 2021년 | AU37: =D37/D5 -> 0.018922164 | AV37: 2025년 | AW37: =H37/H5 -> 0.016702355 | AY37: 회계매출액 대비 영업이익률 | BB37: 2021년 | BC37: =D37/D13 -> 0.029429262 | BD37: 2025년 | BE37: =H37/H13 -> 0.024620416
B38: [1] 홈쇼핑부문 | C38: =C14-C17-C21 -> 157884 | D38: =D14-D17-D21 -> 135914 | E38: =E14-E17-E21 -> 142570 | F38: =F14-F17-F21 -> 116909 | G38: =G14-G17-G21 -> 107094 | H38: =H14-H17-H21 -> 93012.637 | I38: =I14-I17-I21 -> 91358.031 | J38: =J14-J17-J21 -> 87024.424 | ... O38: =O14-O17-O21 -> 75103.427 | AE38: =(E38-D38)/D38 -> 0.048972144 | AF38: =(F38-E38)/E38 -> -0.17998878 | AG38: =(G38-F38)/F38 -> -0.083954187 | AH38: =(H38-G38)/G38 -> -0.13148601 | AI38: =(I38-H38)/H38 -> -0.017789045 | AJ38: =(J38-I38)/I38 -> -0.047435427 | AK38: =(K38-J38)/J38 -> -0.047619037 | AL38: =(P38-K38)/K38 -> -1 | AM38: =(Q38-P38)/P38 -> #DIV/0! | AN38: =(R38-Q38)/Q38 -> #DIV/0! | AO38: =(S38-R38)/R38 -> #DIV/0!
B39: [2] 리테일부문 | C39: =C15-C18-C36 -> 0 | D39: =D15-D18-D36 -> 156683.31 | E39: =E15-E18-E36 -> 113842.71 | F39: =F15-F18-F36 -> 198072.62 | G39: =G15-G18-G36 -> 145542.37 | H39: =H15-H18-H36 -> 196884 | I39: =I15-I18-I36 -> 180806.23 | J39: =J15-J18-J36 -> 182467.59 | ... O39: =O15-O18-O36 -> 226288.96 | AE39: =(E39-D39)/D39 -> -0.27342158 | AF39: =(F39-E39)/E39 -> 0.73987961 | AG39: =(G39-F39)/F39 -> -0.26520704 | AH39: =(H39-G39)/G39 -> 0.35276075 | AI39: =(I39-H39)/H39 -> -0.081661127 | AJ39: =(J39-I39)/I39 -> 0.0091885915 | AK39: =(K39-J39)/J39 -> -0.0024588665 | AL39: =(P39-K39)/K39 -> -1 | AM39: =(Q39-P39)/P39 -> #DIV/0! | AN39: =(R39-Q39)/Q39 -> #DIV/0! | AO39: =(S39-R39)/R39 -> #DIV/0!
B40: 영업외손익 | C40: =SUM(C41:C42) -> -6845 | D40: =SUM(D41:D42) -> 623839.83 | E40: =SUM(E41:E42) -> -103937.76 | F40: =SUM(F41:F42) -> -210483.36 | G40: =SUM(G41:G42) -> -200981.08 | H40: =SUM(H41:H42) -> -138391.36 | I40: =SUM(I41:I42) -> -36649.817 | J40: =SUM(J41:J42) -> -3311.6095 | ... O40: =SUM(O41:O42) -> -14263.943 | AE40: =(E40-D40)/D40 -> -1.1666097 | AF40: =(F40-E40)/E40 -> 1.0250904 | AG40: =(G40-F40)/F40 -> -0.045145054 | AH40: =(H40-G40)/G40 -> -0.31142095 | AI40: =(I40-H40)/H40 -> -0.73517265 | AJ40: =(J40-I40)/I40 -> -0.90964186 | AK40: =(K40-J40)/J40 -> 2.9034536 | AL40: =(P40-K40)/K40 -> -1 | AM40: =(Q40-P40)/P40 -> #DIV/0! | AN40: =(R40-Q40)/Q40 -> #DIV/0! | AO40: =(S40-R40)/R40 -> #DIV/0!
B41: [1] 홈쇼핑부문 | C41: =Q41 -> -6845 | D41: =R41 -> 87066 | E41: =S41 -> -3292 | F41: =T41 -> -2499 | G41: =U41 -> -4169 | H41: =V41 -> -3225.3613 | I41: =W41 -> -3236.2 | J41: =X41 -> -3236.2 | ... O41: =AC41 -> -3236.2 | Q41: ='7-1. FS'!AB75 -> -6845 | R41: ='7-1. FS'!AC75 -> 87066 | S41: ='7-1. FS'!AD75 -> -3292 | T41: ='7-1. FS'!AE75 -> -2499 | U41: ='7-1. FS'!AF75 -> -4169 | V41: ='7-1. FS'!AG75 -> -3225.3613 | W41: ='7-1. FS'!AH75 -> -3236.2 | X41: ='7-1. FS'!AI75 -> -3236.2 | ... AC41: ='7-1. FS'!AN75 -> -3236.2 | AE41: =(E41-D41)/D41 -> -1.0378104 | AF41: =(F41-E41)/E41 -> -0.240887 | AG41: =(G41-F41)/F41 -> 0.66826731 | AH41: =(H41-G41)/G41 -> -0.22634654 | AI41: =(I41-H41)/H41 -> 0.0033604713 | AJ41: =(J41-I41)/I41 -> 0 | AK41: =(K41-J41)/J41 -> 0 | AL41: =(P41-K41)/K41 -> -1 | AM41: =(Q41-P41)/P41 -> #DIV/0! | AN41: =(R41-Q41)/Q41 -> -13.719649 | AO41: =(S41-R41)/R41 -> -1.0378104
B42: [2] 리테일부문 | C42: =Q42 -> 0 | D42: =R42 -> 536773.83 | E42: =S42 -> -100645.76 | F42: =T42 -> -207984.36 | G42: =U42 -> -196812.08 | H42: =V42 -> -135166 | I42: =W42 -> -33413.617 | J42: =X42 -> -75.409463 | ... O42: =AC42 -> -11027.743 | Q42: ='7-1. FS'!AB76 -> 0 | R42: ='7-1. FS'!AC76 -> 536773.83 | S42: ='7-1. FS'!AD76 -> -100645.76 | T42: ='7-1. FS'!AE76 -> -207984.36 | U42: ='7-1. FS'!AF76 -> -196812.08 | V42: ='7-1. FS'!AG76 -> -135166 | W42: ='7-1. FS'!AH76 -> -33413.617 | X42: ='7-1. FS'!AI76 -> -75.409463 | ... AC42: ='7-1. FS'!AN76 -> -11027.743 | AE42: =(E42-D42)/D42 -> -1.1875012 | AF42: =(F42-E42)/E42 -> 1.0664989 | AG42: =(G42-F42)/F42 -> -0.053716936 | AH42: =(H42-G42)/G42 -> -0.31322305 | AI42: =(I42-H42)/H42 -> -0.7527957 | AJ42: =(J42-I42)/I42 -> -0.99774315 | AK42: =(K42-J42)/J42 -> 127.50528 | AL42: =(P42-K42)/K42 -> -1 | AM42: =(Q42-P42)/P42 -> #DIV/0! | AN42: =(R42-Q42)/Q42 -> #DIV/0! | AO42: =(S42-R42)/R42 -> -1.1875012
B43: 금융손익 | C43: =SUM(C44:C45) -> 19404 | D43: =SUM(D44:D45) -> 117061.98 | E43: =SUM(E44:E45) -> -57207.875 | F43: =SUM(F44:F45) -> -23804.719 | G43: =SUM(G44:G45) -> -95165.261 | H43: =SUM(H44:H45) -> -46584.055 | I43: =SUM(I44:I45) -> -47097.186 | J43: =SUM(J44:J45) -> -41405.68 | ... O43: =SUM(O44:O45) -> -27629.958 | AE43: =(E43-D43)/D43 -> -1.4886973 | AF43: =(F43-E43)/E43 -> -0.58389087 | AG43: =(G43-F43)/F43 -> 2.9977476 | AH43: =(H43-G43)/G43 -> -0.51049306 | AI43: =(I43-H43)/H43 -> 0.011015155 | AJ43: =(J43-I43)/I43 -> -0.120846 | AK43: =(K43-J43)/J43 -> -0.31262768 | AL43: =(P43-K43)/K43 -> -1 | AM43: =(Q43-P43)/P43 -> #DIV/0! | AN43: =(R43-Q43)/Q43 -> #DIV/0! | AO43: =(S43-R43)/R43 -> #DIV/0!
B44: [1] 홈쇼핑부문 | C44: =Q44 -> 19404 | D44: =R44 -> 54723 | E44: =S44 -> 9562 | F44: =T44 -> 32050 | G44: =U44 -> 23900 | H44: =V44 -> 16914.945 | I44: =W44 -> 16408.225 | J44: =X44 -> 18235.408 | ... O44: =AC44 -> 17426.641 | Q44: ='7-1. FS'!AB78 -> 19404 | R44: ='7-1. FS'!AC78 -> 54723 | S44: ='7-1. FS'!AD78 -> 9562 | T44: ='7-1. FS'!AE78 -> 32050 | U44: ='7-1. FS'!AF78 -> 23900 | V44: ='7-1. FS'!AG78 -> 16914.945 | W44: ='7-1. FS'!AH78 -> 16408.225 | X44: ='7-1. FS'!AI78 -> 18235.408 | ... AC44: ='7-1. FS'!AN78 -> 17426.641 | AE44: =(E44-D44)/D44 -> -0.82526543 | AF44: =(F44-E44)/E44 -> 2.3518092 | AG44: =(G44-F44)/F44 -> -0.25429017 | AH44: =(H44-G44)/G44 -> -0.29226173 | AI44: =(I44-H44)/H44 -> -0.02995694 | AJ44: =(J44-I44)/I44 -> 0.11135775 | AK44: =(K44-J44)/J44 -> -0.085193096 | AL44: =(P44-K44)/K44 -> -1 | AM44: =(Q44-P44)/P44 -> #DIV/0! | AN44: =(R44-Q44)/Q44 -> 1.8201917 | AO44: =(S44-R44)/R44 -> -0.82526543
B45: [2] 리테일부문 | C45: =Q45 -> 0 | D45: =R45 -> 62338.976 | E45: =S45 -> -66769.875 | F45: =T45 -> -55854.719 | G45: =U45 -> -119065.26 | H45: =V45 -> -63499 | I45: =W45 -> -63505.411 | J45: =X45 -> -59641.087 | ... O45: =AC45 -> -45056.599 | Q45: ='7-1. FS'!AB79 -> 0 | R45: ='7-1. FS'!AC79 -> 62338.976 | S45: ='7-1. FS'!AD79 -> -66769.875 | T45: ='7-1. FS'!AE79 -> -55854.719 | U45: ='7-1. FS'!AF79 -> -119065.26 | V45: ='7-1. FS'!AG79 -> -63499 | W45: ='7-1. FS'!AH79 -> -63505.411 | X45: ='7-1. FS'!AI79 -> -59641.087 | ... AC45: ='7-1. FS'!AN79 -> -45056.599 | AE45: =(E45-D45)/D45 -> -2.0710775 | AF45: =(F45-E45)/E45 -> -0.16347426 | AG45: =(G45-F45)/F45 -> 1.1316956 | AH45: =(H45-G45)/G45 -> -0.46668743 | AI45: =(I45-H45)/H45 -> 0.00010095619 | AJ45: =(J45-I45)/I45 -> -0.060850303 | AK45: =(K45-J45)/J45 -> -0.243089 | AL45: =(P45-K45)/K45 -> -1 | AM45: =(Q45-P45)/P45 -> #DIV/0! | AN45: =(R45-Q45)/Q45 -> #DIV/0! | AO45: =(S45-R45)/R45 -> -2.0710775
B46: 경상이익 | C46: =C37+C40+C43 -> 170443 | D46: =D37+D40+D43 -> 1033499.1 | E46: =E37+E40+E43 -> 95267.076 | F46: =F37+F40+F43 -> 80693.536 | G46: =G37+G40+G43 -> -43509.975 | H46: =H37+H40+H43 -> 104921.22 | I46: =I37+I40+I43 -> 188417.26 | J46: =J37+J40+J43 -> 224774.72 | ... O46: =O37+O40+O43 -> 259498.49 | AE46: =(E46-D46)/D46 -> -0.90782084 | AF46: =(F46-E46)/E46 -> -0.15297562 | AG46: =(G46-F46)/F46 -> -1.5392003 | AH46: =(H46-G46)/G46 -> -3.4114291 | AI46: =(I46-H46)/H46 -> 0.79579743 | AJ46: =(J46-I46)/I46 -> 0.19296248 | AK46: =(K46-J46)/J46 -> -0.0056199638 | AL46: =(P46-K46)/K46 -> -1 | AM46: =(Q46-P46)/P46 -> #DIV/0! | AN46: =(R46-Q46)/Q46 -> #DIV/0! | AO46: =(S46-R46)/R46 -> #DIV/0! | AP46: 부채비율 | AR46: 2020년 | AS46: =(AS47+AT47)/(AS48+AT48) -> 1.0120664 | AV46: 2025년 | AW46: 0.675
B47: 법인세비용 | C47: =Q47 -> 41545 | D47: =R47 -> 101302.28 | E47: =S47 -> 24954.999 | F47: =T47 -> 45663.08 | G47: =U47 -> 17293.722 | H47: =V47 -> 20804.424 | I47: =W47 -> 45134.977 | J47: =X47 -> 53933.478 | ... O47: =AC47 -> 62336.631 | Q47: ='7-1. FS'!AB81 -> 41545 | R47: ='7-1. FS'!AC81 -> 101302.28 | S47: ='7-1. FS'!AD81 -> 24954.999 | T47: ='7-1. FS'!AE81 -> 45663.08 | U47: ='7-1. FS'!AF81 -> 17293.722 | V47: ='7-1. FS'!AG81 -> 20804.424 | W47: ='7-1. FS'!AH81 -> 45134.977 | X47: ='7-1. FS'!AI81 -> 53933.478 | ... AC47: ='7-1. FS'!AN81 -> 62336.631 | AE47: =(E47-D47)/D47 -> -0.75365806 | AF47: =(F47-E47)/E47 -> 0.8298169 | AG47: =(G47-F47)/F47 -> -0.62127561 | AH47: =(H47-G47)/G47 -> 0.20300445 | AI47: =(I47-H47)/H47 -> 1.1694893 | AJ47: =(J47-I47)/I47 -> 0.19493754 | AK47: =(K47-J47)/J47 -> -0.0056681056 | AL47: =(P47-K47)/K47 -> -1 | AM47: =(Q47-P47)/P47 -> #DIV/0! | AN47: =(R47-Q47)/Q47 -> 1.4383747 | AO47: =(S47-R47)/R47 -> -0.75365806 | AP47: (부채총계) | AS47: 310136 | AT47: 3306862.9
B48: 당기순이익 | C48: =C46-C47 -> 128898 | D48: =D46-D47 -> 932196.84 | E48: =E46-E47 -> 70312.077 | F48: =F46-F47 -> 35030.456 | G48: =G46-G47 -> -60803.697 | H48: =H46-H47 -> 84116.796 | I48: =I46-I47 -> 143282.28 | J48: =J46-J47 -> 170841.24 | ... O48: =O46-O47 -> 197161.86 | AE48: =(E48-D48)/D48 -> -0.92457379 | AF48: =(F48-E48)/E48 -> -0.50178607 | AG48: =(G48-F48)/F48 -> -2.7357381 | AH48: =(H48-G48)/G48 -> -2.3834158 | AI48: =(I48-H48)/H48 -> 0.70337303 | AJ48: =(J48-I48)/I48 -> 0.19234032 | AK48: =(K48-J48)/J48 -> -0.0056047657 | AL48: =(P48-K48)/K48 -> -1 | AM48: =(Q48-P48)/P48 -> #DIV/0! | AN48: =(R48-Q48)/Q48 -> #DIV/0! | AO48: =(S48-R48)/R48 -> #DIV/0! | AP48: (자본총계) | AS48: 1238159.7 | AT48: 2335715.6
B49: ※ 2026~2032년 추정 계획 : 법인 기준으로 작성. 단, 추정 손익계산서는 홈쇼핑부문을 별도 구분회계함
G51: =G37-G38-G39 -> 9.3132257e-10 | H51: =H37-H38-H39 -> -9.3132257e-10 | I51: =I37-I38-I39 -> 4.6566129e-10 | J51: =J37-J38-J39 -> 0 | K51: =K37-K38-K39 -> 0 | AS51: =AS47/AS48 -> 0.25048143 | AT51: =AT47/AT48 -> 1.4157815
C52: ='7-1. FS'!AB84 -> 128898 | D52: ='7-1. FS'!AC84 -> 932196.84 | E52: ='7-1. FS'!AD84 -> 70312.077 | F52: ='7-1. FS'!AE84 -> 35030.456 | G52: ='7-1. FS'!AF84 -> -60803.697 | H52: ='7-1. FS'!AG84 -> 84116.796 | I52: ='7-1. FS'!AH84 -> 143282.28 | J52: ='7-1. FS'!AI84 -> 170841.24 | ... O52: ='7-1. FS'!AN84 -> 197161.86
C53: =C48-C52 -> 0 | D53: =D48-D52 -> 0 | E53: =E48-E52 -> 0 | F53: =F48-F52 -> 0 | G53: =G48-G52 -> 0 | H53: =H48-H52 -> 0 | I53: =I48-I52 -> 0 | J53: =J48-J52 -> 0 | ... O53: =O48-O52 -> 0
G54: =G41-'9. 추정 IS'!I88+'9. 추정 IS'!I89 -> 0 | H54: =H41-'9. 추정 IS'!J88+'9. 추정 IS'!J89 -> 0 | I54: =I41-'9. 추정 IS'!K88+'9. 추정 IS'!K89 -> 0 | J54: =J41-'9. 추정 IS'!L88+'9. 추정 IS'!L89 -> 0 | K54: =K41-'9. 추정 IS'!M88+'9. 추정 IS'!M89 -> 0 | L54: =L41-'9. 추정 IS'!N88+'9. 추정 IS'!N89 -> 0 | M54: =M41-'9. 추정 IS'!O88+'9. 추정 IS'!O89 -> 0 | N54: =N41-'9. 추정 IS'!P88+'9. 추정 IS'!P89 -> 0 | O54: =O41-'9. 추정 IS'!Q88+'9. 추정 IS'!Q89 -> 0
H55: =H48-'2. 추정_요약재무제표'!E38 -> 0.0037599987 | I55: =I48-'2. 추정_요약재무제표'!G38 -> 0 | J55: =J48-'2. 추정_요약재무제표'!I38 -> 0 | K55: =K48-'2. 추정_요약재무제표'!K38 -> 0 | L55: =L48-'2. 추정_요약재무제표'!M38 -> 0 | M55: =M48-'2. 추정_요약재무제표'!O38 -> 0 | N55: =N48-'2. 추정_요약재무제표'!Q38 -> 0 | O55: =O48-'2. 추정_요약재무제표'!S38 -> 0
H56: =H46-'7-1. FS'!AG80 -> 0 | I56: =I46-'7-1. FS'!AH80 -> 0 | J56: =J46-'7-1. FS'!AI80 -> 0 | K56: =K46-'7-1. FS'!AJ80 -> 0 | L56: =L46-'7-1. FS'!AK80 -> 0 | M56: =M46-'7-1. FS'!AL80 -> 0 | N56: =N46-'7-1. FS'!AM80 -> 0 | O56: =O46-'7-1. FS'!AN80 -> 0

Sheet 7. 첨부_추정현금흐름표
A1: 추정 현금흐름표
P3: (단위 : 백만원)
A4: 구 분 | D4: 2020년 | E4: 2021년 | F4: 2022년 | G4: 2023년 | H4: 2024년 | I4: 2025년 | J4: 2026년 | K4: 2027년 | L4: 2028년 | M4: 2029년 | N4: 2030년 | O4: 2031년 | P4: 2032년 | V4: 2024년 | W4: 2025년 | X4: 2026년 | Y4: 2027년 | Z4: 2028년 | AA4: 2029년 | AB4: 2030년 | AC4: 2031년 | AD4: 2032년
A5: 현금유입(A) | D5: =SUM(D6:D10) -> 180447.14 | E5: =SUM(E6:E10) -> 325880.14 | F5: =SUM(F6:F10) -> 336643.1 | G5: =SUM(G6:G10) -> 463272.06 | H5: =SUM(H6:H10) -> 186504.53 | I5: =SUM(I6:I10) -> 730174.35 | J5: =SUM(J6:J10) -> 661241.91 | K5: =SUM(K6:K10) -> 722499.63 | ... P5: =SUM(P6:P10) -> 785329.2
B6: -. 당기순이익 | D6: =R6 -> 128898 | E6: =S6 -> 932196.84 | F6: =T6 -> 61513.873 | G6: =U6 -> -24548.241 | H6: =V6 -> -60803.715 | I6: =W6 -> 84116.778 | J6: =X6 -> 143282.28 | K6: =Y6 -> 170841.22 | ... P6: =AD6 -> 197161.84 | R6: ='7-1. FS'!AB91 -> 128898 | S6: ='7-1. FS'!AC91 -> 932196.84 | T6: ='7-1. FS'!AD91 -> 61513.873 | U6: ='7-1. FS'!AE91 -> -24548.241 | V6: ='7-1. FS'!AF91 -> -60803.715 | W6: ='7-1. FS'!AG91 -> 84116.778 | X6: ='7-1. FS'!AH91 -> 143282.28 | Y6: ='7-1. FS'!AI91 -> 170841.22 | ... AD6: ='7-1. FS'!AN91 -> 197161.84
B7: -. 감가상각비 | D7: =R7 -> 15719 | E7: =S7 -> 500554.31 | F7: =T7 -> 488689.36 | G7: =U7 -> 490293.24 | H7: =V7 -> 540414.26 | I7: =W7 -> 571640.22 | J7: =X7 -> 561080.8 | K7: =Y7 -> 567431.15 | ... P7: =AD7 -> 618023.43 | R7: ='7-1. FS'!AB93 -> 15719 | S7: ='7-1. FS'!AC93 -> 500554.31 | T7: ='7-1. FS'!AD93 -> 488689.36 | U7: ='7-1. FS'!AE93 -> 490293.24 | V7: ='7-1. FS'!AF93 -> 540414.26 | W7: ='7-1. FS'!AG93 -> 571640.22 | X7: ='7-1. FS'!AH93 -> 561080.8 | Y7: ='7-1. FS'!AI93 -> 567431.15 | ... AD7: ='7-1. FS'!AN93 -> 618023.43
B8: -. 기타(매입채무 차이 등) | D8: =R8 -> 35830.14 | E8: =S8 -> -1124444 | F8: =T8 -> -213560.13 | G8: =U8 -> -2472.9354 | H8: =V8 -> -293106.01 | I8: =W8 -> 74417.353 | J8: =X8 -> -43121.169 | K8: =Y8 -> -15772.743 | ... P8: =AD8 -> -29856.071 | R8: ='7-1. FS'!AB94+'7-1. FS'!AB95-'7-1. FS'!AB96+'7-1. FS'!AB99 -> 35830.14 | S8: ='7-1. FS'!AC94+'7-1. FS'!AC95-'7-1. FS'!AC96+'7-1. FS'!AC99 -> -1124444 | T8: ='7-1. FS'!AD94+'7-1. FS'!AD95-'7-1. FS'!AD96+'7-1. FS'!AD99 -> -213560.13 | U8: ='7-1. FS'!AE94+'7-1. FS'!AE95-'7-1. FS'!AE96+'7-1. FS'!AE99 -> -2472.9354 | V8: ='7-1. FS'!AF94+'7-1. FS'!AF95-'7-1. FS'!AF96+'7-1. FS'!AF99 -> -293106.01 | W8: ='7-1. FS'!AG94+'7-1. FS'!AG95-'7-1. FS'!AG96+'7-1. FS'!AG99 -> 74417.353 | X8: ='7-1. FS'!AH94+'7-1. FS'!AH95-'7-1. FS'!AH96+'7-1. FS'!AH99 -> -43121.169 | Y8: ='7-1. FS'!AI94+'7-1. FS'!AI95-'7-1. FS'!AI96+'7-1. FS'!AI99 -> -15772.743 | ... AD8: ='7-1. FS'!AN94+'7-1. FS'!AN95-'7-1. FS'!AN96+'7-1. FS'!AN99 -> -29856.071
B9: -. 투자 | D9: ='3. 자금조달운영계획'!C8 -> 0 | E9: ='3. 자금조달운영계획'!D8 -> 17572.953 | F9: ='3. 자금조달운영계획'!E8 -> 0 | G9: ='3. 자금조달운영계획'!F8 -> 0 | H9: ='3. 자금조달운영계획'!G8 -> 0 | I9: ='3. 자금조달운영계획'!H8 -> 0 | J9: ='3. 자금조달운영계획'!I8 -> 0 | K9: ='3. 자금조달운영계획'!J8 -> 0 | ... P9: ='3. 자금조달운영계획'!O8 -> 0
A11: 현금유출(B) | D11: =SUM(D12:D15) -> 277332.09 | E11: =SUM(E12:E15) -> 218282.69 | F11: =SUM(F12:F15) -> 43679.164 | G11: =SUM(G12:G15) -> 409491.91 | H11: =SUM(H12:H15) -> 530586.71 | I11: =SUM(I12:I15) -> 516560.41 | J11: =SUM(J12:J15) -> 805195.38 | K11: =SUM(K12:K15) -> 685279.79 | ... P11: =SUM(P12:P15) -> 762788.68
B12: -. 차입부채 | D12: =R12 -> 0 | E12: =S12 -> -1037839.5 | F12: =T12 -> -332220.09 | G12: =U12 -> -112766.17 | H12: =V12 -> 136571.85 | I12: =W12 -> 225515.71 | J12: =X12 -> 79961.759 | K12: =Y12 -> 86036.211 | ... P12: =AD12 -> 69399.945 | R12: =-'7-1. FS'!AB121-'7-1. FS'!AB122 -> 0 | S12: =-'7-1. FS'!AC121-'7-1. FS'!AC122 -> -1037839.5 | T12: =-'7-1. FS'!AD121-'7-1. FS'!AD122 -> -332220.09 | U12: =-'7-1. FS'!AE121-'7-1. FS'!AE122 -> -112766.17 | V12: =-'7-1. FS'!AF121-'7-1. FS'!AF122 -> 136571.85 | W12: =-'7-1. FS'!AG121-'7-1. FS'!AG122 -> 225515.71 | X12: =-'7-1. FS'!AH121-'7-1. FS'!AH122 -> 79961.759 | Y12: =-'7-1. FS'!AI121-'7-1. FS'!AI122 -> 86036.211 | ... AD12: =-'7-1. FS'!AN121-'7-1. FS'!AN122 -> 69399.945
B13: -. 배당금 지급 | D13: =R13 -> 38788 | E13: =S13 -> 119981 | F13: =T13 -> 122616.03 | G13: =U13 -> 43937.411 | H13: =V13 -> 51719.128 | I13: =W13 -> 41782.795 | J13: =X13 -> 33647 | K13: =Y13 -> 57313 | ... P13: =AD13 -> 75441 | R13: =-'7-1. FS'!AB123 -> 38788 | S13: =-'7-1. FS'!AC123 -> 119981 | T13: =-'7-1. FS'!AD123 -> 122616.03 | U13: =-'7-1. FS'!AE123 -> 43937.411 | V13: =-'7-1. FS'!AF123 -> 51719.128 | W13: =-'7-1. FS'!AG123 -> 41782.795 | X13: =-'7-1. FS'!AH123 -> 33647 | Y13: =-'7-1. FS'!AI123 -> 57313 | ... AD13: =-'7-1. FS'!AN123 -> 75441
B14: -. 경상투자 | D14: =R14 -> 238544.09 | E14: =S14 -> 1136141.2 | F14: =T14 -> 253283.23 | G14: =U14 -> 478320.67 | H14: =V14 -> 342295.74 | I14: =W14 -> 249261.91 | J14: =X14 -> 691586.62 | K14: =Y14 -> 541930.58 | ... P14: =AD14 -> 617947.73 | R14: =-'7-1. FS'!AB110-'7-1. FS'!AB111-'7-1. FS'!AB117 -> 238544.09 | S14: =-'7-1. FS'!AC110-'7-1. FS'!AC111-'7-1. FS'!AC117 -> 1136141.2 | T14: =-'7-1. FS'!AD110-'7-1. FS'!AD111-'7-1. FS'!AD117 -> 253283.23 | U14: =-'7-1. FS'!AE110-'7-1. FS'!AE111-'7-1. FS'!AE117 -> 478320.67 | V14: =-'7-1. FS'!AF110-'7-1. FS'!AF111-'7-1. FS'!AF117 -> 342295.74 | W14: =-'7-1. FS'!AG110-'7-1. FS'!AG111-'7-1. FS'!AG117 -> 249261.91 | X14: =-'7-1. FS'!AH110-'7-1. FS'!AH111-'7-1. FS'!AH117 -> 691586.62 | Y14: =-'7-1. FS'!AI110-'7-1. FS'!AI111-'7-1. FS'!AI117 -> 541930.58 | ... AD14: =-'7-1. FS'!AN110-'7-1. FS'!AN111-'7-1. FS'!AN117 -> 617947.73
B15: -. 자본투자 | D15: =SUM(D16:D17) -> 0 | E15: =SUM(E16:E17) -> 0 | F15: =SUM(F16:F17) -> 0 | G15: =SUM(G16:G17) -> 0 | H15: =SUM(H16:H17) -> 0 | I15: =SUM(I16:I17) -> 0 | J15: =SUM(J16:J17) -> 0 | K15: =SUM(K16:K17) -> 0 | ... P15: =SUM(P16:P17) -> 0
C16: 신사업투자 | D16: =R16 -> 0 | E16: =S16 -> 0 | F16: =T16 -> 0 | G16: =U16 -> 0 | H16: =V16 -> 0 | I16: =W16 -> 0 | J16: =X16 -> 0 | K16: =Y16 -> 0 | ... P16: =AD16 -> 0
C17: 해외투자 | D17: =S17 -> 0 | E17: =T17 -> 0 | F17: =U17 -> 0 | G17: =V17 -> 0 | H17: =W17 -> 0 | I17: =X17 -> 0 | J17: =Y17 -> 0 | K17: =Z17 -> 0 | ... P17: =AE17 -> 0
A18: Net Cash(A-B) | D18: =D5-D11 -> -96884.955 | E18: =E5-E11 -> 107597.45 | F18: =F5-F11 -> 292963.94 | G18: =G5-G11 -> 53780.151 | H18: =H5-H11 -> -344082.18 | I18: =I5-I11 -> 213613.94 | J18: =J5-J11 -> -143953.47 | K18: =K5-K11 -> 37219.839 | ... P18: =P5-P11 -> 22540.521
A19: 기초현금 | D19: 137582.95 | E19: =D20 -> 40698 | F19: =E20 -> 148295.45 | G19: =F20 -> 441259.39 | H19: 374834.49 | I19: =H20 -> 30752.306 | J19: =I20 -> 244366.25 | K19: =J20 -> 100412.78 | L19: =K20 -> 137632.62 | M19: =L20 -> 176713.45 | N19: =M20 -> 193648.48 | O19: =N20 -> 212277.01 | P19: =O20 -> 232768.39
A20: 기말현금 | D20: =D18+D19 -> 40698 | E20: =E18+E19 -> 148295.45 | F20: =F18+F19 -> 441259.39 | G20: =G18+G19 -> 495039.54 | H20: =H18+H19 -> 30752.306 | I20: =I18+I19 -> 244366.25 | J20: =J18+J19 -> 100412.78 | K20: =K18+K19 -> 137632.62 | ... P20: =P18+P19 -> 255308.91
A21: ※ 2026~2032년 추정 계획 : 법인 기준으로 작성
D24: ='7-1. FS'!AB126 -> 40698 | E24: ='7-1. FS'!AC126 -> 148295.45 | F24: ='7-1. FS'!AD126 -> 321054.45 | G24: ='7-1. FS'!AE126 -> 374834.75 | H24: ='7-1. FS'!AF126 -> 30752.572 | I24: ='7-1. FS'!AG126 -> 244366.08 | J24: ='7-1. FS'!AH126 -> 100412.53 | K24: ='7-1. FS'!AI126 -> 137632.44 | ... P24: ='7-1. FS'!AN126 -> 255308.73
D25: =D20-D24 -> 0 | E25: =E20-E24 -> 0 | F25: =F20-F24 -> 120204.94 | G25: =G20-G24 -> 120204.78 | H25: =H20-H24 -> -0.265426 | I25: =I20-I24 -> 0.16829039 | J25: =J20-J24 -> 0.24723041 | K25: =K20-K24 -> 0.18323041 | ... P25: =P20-P24 -> 0.18323041

Sheet ▶ 합산

Sheet 7-1. FS
A1: 통합 합산
A2: 재무상태표 | C2: * 21년 합병으로 홈쇼핑부문과 리테일부문을 각각 구분회계하여 단순 합산하였으며 이에 주주총회 승인 받는 법인 재무제표와는 상이함 | AN2: (단위 : 백만원)
A3: 구 분 | B3: 홈쇼핑부문 | O3: 리테일부문 | AB3: 합산
B4: 2020 | C4: =B4+1 -> 2021 | D4: =C4+1 -> 2022 | E4: =D4+1 -> 2023 | F4: =E4+1 -> 2024 | G4: =F4+1 -> 2025 | H4: =G4+1 -> 2026 | I4: =H4+1 -> 2027 | J4: =I4+1 -> 2028 | ... N4: =M4+1 -> 2032 | O4: =B4 -> 2020 | P4: =C4 -> 2021 | Q4: =D4 -> 2022 | R4: =E4 -> 2023 | S4: =F4 -> 2024 | T4: =G4 -> 2025 | U4: =H4 -> 2026 | V4: =I4 -> 2027 | ... AN4: =AA4 -> 2032
A5: 자 산 | AB5: =AB6+AB7 -> 1561615 | AC5: =AC6+AC7 -> 7683258.6 | AD5: =AD6+AD7 -> 7944462 | AE5: =AE6+AE7 -> 8209320.2 | AF5: =AF6+AF7 -> 7153797.9 | AG5: =AG6+AG7 -> 7117017.7 | AH5: =AH6+AH7 -> 7099210.7 | AI5: =AI6+AI7 -> 7163823.6 | ... AN5: =AN6+AN7 -> 7624408.7
A6: 유 동 자 산 | B6: ='8. 추정 BS'!E4 -> 740921 | C6: ='8. 추정 BS'!F4 -> 94993 | D6: ='8. 추정 BS'!G4 -> 118265 | E6: ='8. 추정 BS'!H4 -> 119664 | F6: ='8. 추정 BS'!I4 -> 110461.96 | G6: ='8. 추정 BS'!J4 -> 103815.26 | H6: ='8. 추정 BS'!K4 -> 108003.97 | I6: ='8. 추정 BS'!L4 -> 108255.28 | ... N6: ='8. 추정 BS'!Q4 -> 108771.95 | O6: ='11. 추정 BS'!E5 -> 848242.7 | P6: ='11. 추정 BS'!F5 -> 860691.12 | Q6: ='11. 추정 BS'!G5 -> 1101600.1 | R6: ='11. 추정 BS'!H5 -> 1597167.9 | S6: ='11. 추정 BS'!I5 -> 1311575.6 | T6: ='11. 추정 BS'!J5 -> 1566428 | U6: ='11. 추정 BS'!K5 -> 1622325 | V6: ='11. 추정 BS'!L5 -> 1737497 | ... AA6: ='11. 추정 BS'!Q5 -> 1961498.4 | AB6: =B6 -> 740921 | AC6: =C6+P6 -> 955684.12 | AD6: =D6+Q6 -> 1219865.1 | AE6: =E6+R6 -> 1716831.9 | AF6: =F6+S6 -> 1422037.5 | AG6: =G6+T6 -> 1670243.3 | AH6: =H6+U6 -> 1730329 | AI6: =I6+V6 -> 1845752.3 | AJ6: =J6+W6 -> 1948134.1 | ... AN6: =N6+AA6 -> 2070270.4
A7: 비유동 자 산 | B7: ='8. 추정 BS'!E11 -> 820694 | C7: ='8. 추정 BS'!F11 -> 509953.4 | D7: ='8. 추정 BS'!G11 -> 503792 | E7: ='8. 추정 BS'!H11 -> 494214 | F7: ='8. 추정 BS'!I11 -> 487448.1 | G7: ='8. 추정 BS'!J11 -> 455654.41 | H7: ='8. 추정 BS'!K11 -> 464349.71 | I7: ='8. 추정 BS'!L11 -> 464203.63 | ... N7: ='8. 추정 BS'!Q11 -> 463466.55 | O7: ='11. 추정 BS'!E34 -> 4747629.9 | P7: ='11. 추정 BS'!F34 -> 6217621.1 | Q7: ='11. 추정 BS'!G34 -> 6220804.9 | R7: ='11. 추정 BS'!H34 -> 5998274.3 | S7: ='11. 추정 BS'!I34 -> 5244312.3 | T7: ='11. 추정 BS'!J34 -> 4991120 | U7: ='11. 추정 BS'!K34 -> 4904532 | V7: ='11. 추정 BS'!L34 -> 4853867.7 | ... AA7: ='11. 추정 BS'!Q34 -> 5090671.8 | AB7: =B7 -> 820694 | AC7: =C7+P7 -> 6727574.5 | AD7: =D7+Q7 -> 6724596.9 | AE7: =E7+R7 -> 6492488.3 | AF7: =F7+S7 -> 5731760.4 | AG7: =G7+T7 -> 5446774.4 | AH7: =H7+U7 -> 5368881.7 | AI7: =I7+V7 -> 5318071.3 | AJ7: =J7+W7 -> 5278944.4 | ... AN7: =N7+AA7 -> 5554138.3
A8: - 현 금 / 예금 | B8: ='8. 추정 BS'!E5+'8. 추정 BS'!E8 -> 647462 | C8: ='8. 추정 BS'!F5+'8. 추정 BS'!F8 -> 3212 | D8: ='8. 추정 BS'!G5+'8. 추정 BS'!G8 -> 2979 | E8: ='8. 추정 BS'!H5+'8. 추정 BS'!H8 -> 6335 | F8: ='8. 추정 BS'!I5+'8. 추정 BS'!I8 -> 3360 | G8: ='8. 추정 BS'!J5+'8. 추정 BS'!J8 -> 7363 | H8: ='8. 추정 BS'!K5+'8. 추정 BS'!K8 -> 7363 | I8: ='8. 추정 BS'!L5+'8. 추정 BS'!L8 -> 7363 | ... N8: ='8. 추정 BS'!Q5+'8. 추정 BS'!Q8 -> 7363 | O8: ='11. 추정 BS'!Y6 -> 17572.953 | P8: ='11. 추정 BS'!Z6 -> 24878.512 | Q8: ='11. 추정 BS'!AA6 -> 318075.6 | R8: ='11. 추정 BS'!AB6 -> 368499.75 | S8: ='11. 추정 BS'!AC6 -> 27392.138 | T8: ='11. 추정 BS'!AD6 -> 237003 | U8: ='11. 추정 BS'!AE6 -> 93049.598 | V8: ='11. 추정 BS'!AF6 -> 130269.44 | ... AA8: ='11. 추정 BS'!AK6 -> 247945.73 | AB8: =B8 -> 647462 | AC8: =C8+P8 -> 28090.512 | AD8: =D8+Q8 -> 321054.6 | AE8: =E8+R8 -> 374834.75 | AF8: =F8+S8 -> 30752.138 | AG8: =G8+T8 -> 244366 | AH8: =H8+U8 -> 100412.6 | AI8: =I8+V8 -> 137632.44 | AJ8: =J8+W8 -> 176713.27 | ... AN8: =N8+AA8 -> 255308.73
A9: - 매 출 채 권 | B9: ='8. 추정 BS'!E7 -> 48003 | C9: ='8. 추정 BS'!F7 -> 45734 | D9: ='8. 추정 BS'!G7 -> 74440 | E9: ='8. 추정 BS'!H7 -> 76621 | F9: ='8. 추정 BS'!I7 -> 72106.962 | G9: ='8. 추정 BS'!J7 -> 53263.263 | H9: ='8. 추정 BS'!K7 -> 62971.43 | I9: ='8. 추정 BS'!L7 -> 62367.163 | ... N9: ='8. 추정 BS'!Q7 -> 60000.377 | O9: ='11. 추정 BS'!Y9+'11. 추정 BS'!Y10 -> 814325.06 | P9: ='11. 추정 BS'!Z9+'11. 추정 BS'!Z10 -> 791710.49 | Q9: ='11. 추정 BS'!AA9+'11. 추정 BS'!AA10 -> 841109.76 | R9: ='11. 추정 BS'!AB9+'11. 추정 BS'!AB10 -> 926373.09 | S9: ='11. 추정 BS'!AC9+'11. 추정 BS'!AC10 -> 906800.61 | T9: ='11. 추정 BS'!AD9+'11. 추정 BS'!AD10 -> 906825 | U9: ='11. 추정 BS'!AE9+'11. 추정 BS'!AE10 -> 868778.68 | V9: ='11. 추정 BS'!AF9+'11. 추정 BS'!AF10 -> 855088.6 | ... AA9: ='11. 추정 BS'!AK9+'11. 추정 BS'!AK10 -> 861618.59 | AB9: =B9 -> 48003 | AC9: =C9+P9 -> 837444.49 | AD9: =D9+Q9 -> 915549.76 | AE9: =E9+R9 -> 1002994.1 | AF9: =F9+S9 -> 978907.58 | AG9: =G9+T9 -> 960088.26 | AH9: =H9+U9 -> 931750.11 | AI9: =I9+V9 -> 917455.76 | AJ9: =J9+W9 -> 910526.26 | ... AN9: =N9+AA9 -> 921618.96
A10: - 재 고 자 산 | B10: ='8. 추정 BS'!E10 -> 35036 | C10: ='8. 추정 BS'!F10 -> 31673 | D10: ='8. 추정 BS'!G10 -> 29538 | E10: ='8. 추정 BS'!H10 -> 26929 | F10: ='8. 추정 BS'!I10 -> 27914 | G10: ='8. 추정 BS'!J10 -> 33663 | H10: ='8. 추정 BS'!K10 -> 28143.536 | I10: ='8. 추정 BS'!L10 -> 28999.113 | ... N10: ='8. 추정 BS'!Q10 -> 31882.573 | O10: ='11. 추정 BS'!Y11 -> 179790.29 | P10: ='11. 추정 BS'!Z11 -> 140766.35 | Q10: ='11. 추정 BS'!AA11 -> 171990.53 | R10: ='11. 추정 BS'!AB11 -> 260554.3 | S10: ='11. 추정 BS'!AC11 -> 265739.46 | T10: ='11. 추정 BS'!AD11 -> 295985 | U10: ='11. 추정 BS'!AE11 -> 287173.42 | V10: ='11. 추정 BS'!AF11 -> 292681.99 | ... AA10: ='11. 추정 BS'!AK11 -> 325668.27 | AB10: =B10 -> 35036 | AC10: =C10+P10 -> 172439.35 | AD10: =D10+Q10 -> 201528.53 | AE10: =E10+R10 -> 287483.3 | AF10: =F10+S10 -> 293653.46 | AG10: =G10+T10 -> 329648 | AH10: =H10+U10 -> 315316.96 | AI10: =I10+V10 -> 321681.1 | AJ10: =J10+W10 -> 328064.98 | ... AN10: =N10+AA10 -> 357550.85
A11: - 기타유동자산 | B11: ='8. 추정 BS'!E9 -> 10420 | C11: ='8. 추정 BS'!F9 -> 14374 | D11: ='8. 추정 BS'!G9 -> 11308 | E11: ='8. 추정 BS'!H9 -> 9779 | F11: ='8. 추정 BS'!I9 -> 7081 | G11: ='8. 추정 BS'!J9 -> 9526 | H11: ='8. 추정 BS'!K9 -> 9526 | I11: ='8. 추정 BS'!L9 -> 9526 | ... N11: ='8. 추정 BS'!Q9 -> 9526 | O11: =('11. 추정 BS'!E10+'11. 추정 BS'!E13+'11. 추정 BS'!E15+'11. 추정 BS'!E26+'11. 추정 BS'!E27) -> 94426.993 | P11: =('11. 추정 BS'!F10+'11. 추정 BS'!F13+'11. 추정 BS'!F15+'11. 추정 BS'!F26+'11. 추정 BS'!F27) -> 69858.409 | Q11: =('11. 추정 BS'!G10+'11. 추정 BS'!G13+'11. 추정 BS'!G15+'11. 추정 BS'!G26+'11. 추정 BS'!G27) -> 85107.695 | R11: =('11. 추정 BS'!H10+'11. 추정 BS'!H13+'11. 추정 BS'!H15+'11. 추정 BS'!H26+'11. 추정 BS'!H27) -> 284110.78 | S11: =('11. 추정 BS'!I10+'11. 추정 BS'!I13+'11. 추정 BS'!I15+'11. 추정 BS'!I26+'11. 추정 BS'!I27) -> 284266.92 | T11: =('11. 추정 BS'!J10+'11. 추정 BS'!J13+'11. 추정 BS'!J15+'11. 추정 BS'!J26+'11. 추정 BS'!J27) -> 278793 | U11: =('11. 추정 BS'!K10+'11. 추정 BS'!K13+'11. 추정 BS'!K15+'11. 추정 BS'!K26+'11. 추정 BS'!K27) -> 253319.47 | V11: =('11. 추정 BS'!L10+'11. 추정 BS'!L13+'11. 추정 BS'!L15+'11. 추정 BS'!L26+'11. 추정 BS'!L27) -> 253319.47 | ... AA11: =('11. 추정 BS'!Q10+'11. 추정 BS'!Q13+'11. 추정 BS'!Q15+'11. 추정 BS'!Q26+'11. 추정 BS'!Q27) -> 253319.47 | AB11: =B11 -> 10420 | AC11: =C11+P11 -> 84232.409 | AD11: =D11+Q11 -> 96415.695 | AE11: =E11+R11 -> 293889.78 | AF11: =F11+S11 -> 291347.92 | AG11: =G11+T11 -> 288319 | AH11: =H11+U11 -> 262845.47 | AI11: =I11+V11 -> 262845.47 | AJ11: =J11+W11 -> 262845.47 | ... AN11: =N11+AA11 -> 262845.47
A12: - 투자유가증권 | B12: ='8. 추정 BS'!E12 -> 498903 | C12: ='8. 추정 BS'!F12 -> 25418 | D12: ='8. 추정 BS'!G12 -> 26164 | E12: ='8. 추정 BS'!H12 -> 24529 | F12: ='8. 추정 BS'!I12 -> 22303 | G12: ='8. 추정 BS'!J12 -> 10 | H12: ='8. 추정 BS'!K12 -> 10 | I12: ='8. 추정 BS'!L12 -> 10 | ... N12: ='8. 추정 BS'!Q12 -> 10 | O12: ='11. 추정 BS'!Y7+'11. 추정 BS'!Y8 -> 1504573 | P12: ='11. 추정 BS'!Z7+'11. 추정 BS'!Z8 -> 2915817 | Q12: ='11. 추정 BS'!AA7+'11. 추정 BS'!AA8 -> 2590722.8 | R12: ='11. 추정 BS'!AB7+'11. 추정 BS'!AB8 -> 2430343.8 | S12: ='11. 추정 BS'!AC7+'11. 추정 BS'!AC8 -> 1434420.1 | T12: ='11. 추정 BS'!AD7+'11. 추정 BS'!AD8 -> 1352276 | U12: ='11. 추정 BS'!AE7+'11. 추정 BS'!AE8 -> 1462869.6 | V12: ='11. 추정 BS'!AF7+'11. 추정 BS'!AF8 -> 1454728.7 | ... AA12: ='11. 추정 BS'!AK7+'11. 추정 BS'!AK8 -> 1422317.3 | AB12: =B12 -> 498903 | AC12: =C12+P12 -> 2941235 | AD12: =D12+Q12 -> 2616886.8 | AE12: =E12+R12 -> 2454872.8 | AF12: =F12+S12 -> 1456723.1 | AG12: =G12+T12 -> 1352286 | AH12: =H12+U12 -> 1462879.6 | AI12: =I12+V12 -> 1454738.7 | AJ12: =J12+W12 -> 1437203.5 | ... AN12: =N12+AA12 -> 1422327.3
A13: - 기타 투자자산 | B13: ='8. 추정 BS'!E23 -> 203 | C13: ='8. 추정 BS'!F23 -> 45001 | D13: ='8. 추정 BS'!G23 -> 48781 | E13: ='8. 추정 BS'!H23 -> 47987 | F13: ='8. 추정 BS'!I23 -> 48297.104 | G13: ='8. 추정 BS'!J23 -> 48302.405 | H13: ='8. 추정 BS'!K23 -> 48302.405 | I13: ='8. 추정 BS'!L23 -> 48302.405 | ... N13: ='8. 추정 BS'!Q23 -> 48302.405 | O13: =('11. 추정 BS'!E39+'11. 추정 BS'!E56+'11. 추정 BS'!E57) -> 864910.71 | P13: =('11. 추정 BS'!F39+'11. 추정 BS'!F56+'11. 추정 BS'!F57) -> 916827.78 | Q13: =('11. 추정 BS'!G39+'11. 추정 BS'!G56+'11. 추정 BS'!G57) -> 959606.45 | R13: =('11. 추정 BS'!H39+'11. 추정 BS'!H56+'11. 추정 BS'!H57) -> 775574.67 | S13: =('11. 추정 BS'!I39+'11. 추정 BS'!I56+'11. 추정 BS'!I57) -> 821843.31 | T13: =('11. 추정 BS'!J39+'11. 추정 BS'!J56+'11. 추정 BS'!J57) -> 770103 | U13: =('11. 추정 BS'!K39+'11. 추정 BS'!K56+'11. 추정 BS'!K57) -> 804116.2 | V13: =('11. 추정 BS'!L39+'11. 추정 BS'!L56+'11. 추정 BS'!L57) -> 814296.11 | ... AA13: =('11. 추정 BS'!Q39+'11. 추정 BS'!Q56+'11. 추정 BS'!Q57) -> 892594.16 | AB13: =B13 -> 203 | AC13: =C13+P13 -> 961828.78 | AD13: =D13+Q13 -> 1008387.5 | AE13: =E13+R13 -> 823561.67 | AF13: =F13+S13 -> 870140.41 | AG13: =G13+T13 -> 818405.41 | AH13: =H13+U13 -> 852418.61 | AI13: =I13+V13 -> 862598.51 | AJ13: =J13+W13 -> 873234.7 | ... AN13: =N13+AA13 -> 940896.57
A14: - 유 형 자 산 | B14: ='8. 추정 BS'!E15 -> 308483 | C14: ='8. 추정 BS'!F15 -> 424563.4 | D14: ='8. 추정 BS'!G15 -> 410985 | E14: ='8. 추정 BS'!H15 -> 403308 | F14: ='8. 추정 BS'!I15 -> 397786 | G14: ='8. 추정 BS'!J15 -> 389756 | H14: ='8. 추정 BS'!K15 -> 398451.3 | I14: ='8. 추정 BS'!L15 -> 398305.23 | ... N14: ='8. 추정 BS'!Q15 -> 397568.14 | O14: =('11. 추정 BS'!E53+'11. 추정 BS'!E55+'11. 추정 BS'!E58) -> 2025823.1 | P14: =('11. 추정 BS'!F53+'11. 추정 BS'!F55+'11. 추정 BS'!F58) -> 2052521.9 | Q14: =('11. 추정 BS'!G53+'11. 추정 BS'!G55+'11. 추정 BS'!G58) -> 2214774.9 | R14: =('11. 추정 BS'!H53+'11. 추정 BS'!H55+'11. 추정 BS'!H58) -> 2414441.3 | S14: =('11. 추정 BS'!I53+'11. 추정 BS'!I55+'11. 추정 BS'!I58) -> 2667092.9 | T14: =('11. 추정 BS'!J53+'11. 추정 BS'!J55+'11. 추정 BS'!J58) -> 2578925 | U14: =('11. 추정 BS'!K53+'11. 추정 BS'!K55+'11. 추정 BS'!K58) -> 2618535.6 | V14: =('11. 추정 BS'!L53+'11. 추정 BS'!L55+'11. 추정 BS'!L58) -> 2650575.9 | ... AA14: =('11. 추정 BS'!Q53+'11. 추정 BS'!Q55+'11. 추정 BS'!Q58) -> 2901140.1 | AB14: =B14 -> 308483 | AC14: =C14+P14 -> 2477085.3 | AD14: =D14+Q14 -> 2625759.9 | AE14: =E14+R14 -> 2817749.3 | AF14: =F14+S14 -> 3064878.9 | AG14: =G14+T14 -> 2968681 | AH14: =H14+U14 -> 3016986.9 | AI14: =I14+V14 -> 3048881.1 | AJ14: =J14+W14 -> 3079095.8 | ... AN14: =N14+AA14 -> 3298708.3
A15: - 무 형 자 산 | B15: ='8. 추정 BS'!E19 -> 13105 | C15: ='8. 추정 BS'!F19 -> 14971 | D15: ='8. 추정 BS'!G19 -> 17862 | E15: ='8. 추정 BS'!H19 -> 18390 | F15: ='8. 추정 BS'!I19 -> 19062 | G15: ='8. 추정 BS'!J19 -> 17586 | H15: ='8. 추정 BS'!K19 -> 17586 | I15: ='8. 추정 BS'!L19 -> 17586 | ... N15: ='8. 추정 BS'!Q19 -> 17586 | O15: ='11. 추정 BS'!E54 -> 94450.393 | P15: ='11. 추정 BS'!F54 -> 165931.79 | Q15: ='11. 추정 BS'!G54 -> 141017.26 | R15: ='11. 추정 BS'!H54 -> 135544.49 | S15: ='11. 추정 BS'!I54 -> 148332.39 | T15: ='11. 추정 BS'!J54 -> 137638 | U15: ='11. 추정 BS'!K54 -> 139014.38 | V15: ='11. 추정 BS'!L54 -> 140404.52 | ... AA15: ='11. 추정 BS'!Q54 -> 147566.57 | AB15: =B15 -> 13105 | AC15: =C15+P15 -> 180902.79 | AD15: =D15+Q15 -> 158879.26 | AE15: =E15+R15 -> 153934.49 | AF15: =F15+S15 -> 167394.39 | AG15: =G15+T15 -> 155224 | AH15: =H15+U15 -> 156600.38 | AI15: =I15+V15 -> 157990.52 | AJ15: =J15+W15 -> 159394.57 | ... AN15: =N15+AA15 -> 165152.57
A16: 부 채 | O16: =O17+O18 -> 3278403.3 | P16: =P17+P18 -> 4398723.1 | Q16: =Q17+Q18 -> 4775193.2 | R16: =R17+R18 -> 5119972.2 | S16: =S17+S18 -> 5034478.8 | T16: =T17+T18 -> 4979478 | U16: =U17+U18 -> 4918847.5 | V16: =V17+V18 -> 4947622.8 | ... AN16: =AN17+AN18 -> 3518550.9
